ISO-10303-21;
HEADER;
/* Generated by software containing ST-Developer
 * from STEP Tools, Inc. (www.steptools.com) 
 */

FILE_DESCRIPTION(
/* description */ (''),
/* implementation_level */ '2;1');

FILE_NAME(
/* name */ 'koshipad TOPCASE.step',
/* time_stamp */ '2026-08-22T20:55:33+05:30',
/* author */ (''),
/* organization */ (''),
/* preprocessor_version */ 'ST-DEVELOPER v20.1',
/* originating_system */ 'Autodesk Translation Framework v15.8.0.0',
/* authorisation */ '');

FILE_SCHEMA (('AUTOMOTIVE_DESIGN { 1 0 10303 214 3 1 1 }'));
ENDSEC;

DATA;
#10=MECHANICAL_DESIGN_GEOMETRIC_PRESENTATION_REPRESENTATION('',(#13),#3922);
#11=SHAPE_REPRESENTATION_RELATIONSHIP('SRR','None',#3929,#12);
#12=ADVANCED_BREP_SHAPE_REPRESENTATION('',(#14),#3921);
#13=STYLED_ITEM('',(#3939),#14);
#14=MANIFOLD_SOLID_BREP('Body1',#2386);
#15=FACE_BOUND('',#241,.T.);
#16=FACE_BOUND('',#242,.T.);
#17=FACE_BOUND('',#243,.T.);
#18=FACE_BOUND('',#244,.T.);
#19=FACE_BOUND('',#245,.T.);
#20=FACE_BOUND('',#246,.T.);
#21=FACE_BOUND('',#247,.T.);
#22=FACE_BOUND('',#248,.T.);
#23=FACE_BOUND('',#249,.T.);
#24=FACE_BOUND('',#250,.T.);
#25=FACE_BOUND('',#251,.T.);
#26=FACE_BOUND('',#258,.T.);
#27=FACE_BOUND('',#260,.T.);
#28=FACE_BOUND('',#262,.T.);
#29=FACE_BOUND('',#286,.T.);
#30=FACE_BOUND('',#288,.T.);
#31=FACE_BOUND('',#348,.T.);
#32=FACE_BOUND('',#349,.T.);
#33=FACE_BOUND('',#350,.T.);
#34=FACE_BOUND('',#351,.T.);
#35=FACE_BOUND('',#352,.T.);
#36=FACE_BOUND('',#353,.T.);
#37=FACE_BOUND('',#354,.T.);
#38=FACE_BOUND('',#355,.T.);
#39=FACE_BOUND('',#356,.T.);
#40=FACE_BOUND('',#357,.T.);
#41=FACE_BOUND('',#358,.T.);
#42=B_SPLINE_SURFACE_WITH_KNOTS('',3,3,((#3306,#3307,#3308,#3309),(#3310,
#3311,#3312,#3313),(#3314,#3315,#3316,#3317),(#3318,#3319,#3320,#3321),
(#3322,#3323,#3324,#3325),(#3326,#3327,#3328,#3329),(#3330,#3331,#3332,
#3333)),.UNSPECIFIED.,.F.,.F.,.F.,(4,1,1,1,4),(4,4),(0.,0.285714285714286,
0.571428571428571,0.714285714285714,1.),(2.83767584160658,3.06861668074287),
 .UNSPECIFIED.);
#43=B_SPLINE_SURFACE_WITH_KNOTS('',3,3,((#3634,#3635,#3636,#3637),(#3638,
#3639,#3640,#3641),(#3642,#3643,#3644,#3645),(#3646,#3647,#3648,#3649),
(#3650,#3651,#3652,#3653),(#3654,#3655,#3656,#3657),(#3658,#3659,#3660,
#3661)),.UNSPECIFIED.,.F.,.F.,.F.,(4,1,1,1,4),(4,4),(0.,0.285714285714286,
0.571428571428571,0.714285714285714,1.),(-2.39207279401325,-2.16113268633739),
 .UNSPECIFIED.);
#44=B_SPLINE_CURVE_WITH_KNOTS('',3,(#3292,#3293,#3294,#3295,#3296,#3297,
#3298,#3299,#3300,#3301,#3302,#3303,#3304),.UNSPECIFIED.,.F.,.F.,(4,3,3,
3,4),(-0.787914278949274,-0.562795913535196,-0.337677548121117,-0.225118365414078,
0.),.UNSPECIFIED.);
#45=B_SPLINE_CURVE_WITH_KNOTS('',3,(#3336,#3337,#3338,#3339,#3340,#3341,
#3342,#3343,#3344,#3345,#3346,#3347,#3348),.UNSPECIFIED.,.F.,.F.,(4,3,3,
3,4),(0.,0.13507101924845,0.2701420384969,0.337677548121125,0.472748567369575),
 .UNSPECIFIED.);
#46=B_SPLINE_CURVE_WITH_KNOTS('',3,(#3349,#3350,#3351,#3352),
 .UNSPECIFIED.,.F.,.F.,(4,4),(2.83767730452512,3.06861668074287),
 .UNSPECIFIED.);
#47=B_SPLINE_CURVE_WITH_KNOTS('',3,(#3353,#3354,#3355,#3356),
 .UNSPECIFIED.,.F.,.F.,(4,4),(-3.06861668074287,-2.83767730452512),
 .UNSPECIFIED.);
#48=B_SPLINE_CURVE_WITH_KNOTS('',3,(#3364,#3365,#3366,#3367,#3368,#3369,
#3370,#3371,#3372,#3373,#3374,#3375,#3376),.UNSPECIFIED.,.F.,.F.,(4,3,3,
3,4),(0.,0.135071019248448,0.202606528872672,0.337677548121119,0.472748567369567),
 .UNSPECIFIED.);
#49=B_SPLINE_CURVE_WITH_KNOTS('',3,(#3473,#3474,#3475,#3476),
 .UNSPECIFIED.,.F.,.F.,(4,4),(2.16113268633739,2.39207279401325),
 .UNSPECIFIED.);
#50=B_SPLINE_CURVE_WITH_KNOTS('',3,(#3613,#3614,#3615,#3616,#3617,#3618,
#3619,#3620,#3621,#3622,#3623,#3624,#3625),.UNSPECIFIED.,.F.,.F.,(4,3,3,
3,4),(-0.787914278949279,-0.562795913535199,-0.450236730828159,-0.22511836541408,
0.),.UNSPECIFIED.);
#51=B_SPLINE_CURVE_WITH_KNOTS('',3,(#3662,#3663,#3664,#3665),
 .UNSPECIFIED.,.F.,.F.,(4,4),(-2.39207279401325,-2.16113268633739),
 .UNSPECIFIED.);
#52=CONICAL_SURFACE('',#2428,4.,0.78539816339745);
#53=CONICAL_SURFACE('',#2431,4.,0.78539816339745);
#54=CYLINDRICAL_SURFACE('',#2415,2.5);
#55=CYLINDRICAL_SURFACE('',#2418,2.5);
#56=CYLINDRICAL_SURFACE('',#2435,5.);
#57=CYLINDRICAL_SURFACE('',#2437,5.);
#58=CYLINDRICAL_SURFACE('',#2439,5.);
#59=CYLINDRICAL_SURFACE('',#2462,0.4);
#60=CYLINDRICAL_SURFACE('',#2465,0.4);
#61=CYLINDRICAL_SURFACE('',#2468,0.4);
#62=CYLINDRICAL_SURFACE('',#2471,0.4);
#63=CYLINDRICAL_SURFACE('',#2473,5.);
#64=CYLINDRICAL_SURFACE('',#2536,2.5);
#65=CYLINDRICAL_SURFACE('',#2538,2.5);
#66=CYLINDRICAL_SURFACE('',#2540,2.5);
#67=CIRCLE('',#2403,5.);
#68=CIRCLE('',#2404,5.);
#69=CIRCLE('',#2405,5.);
#70=CIRCLE('',#2406,5.);
#71=CIRCLE('',#2407,2.5);
#72=CIRCLE('',#2408,2.5);
#73=CIRCLE('',#2409,2.5);
#74=CIRCLE('',#2412,2.5);
#75=CIRCLE('',#2414,2.5);
#76=CIRCLE('',#2416,2.5);
#77=CIRCLE('',#2419,2.5);
#78=CIRCLE('',#2422,5.);
#79=CIRCLE('',#2427,5.);
#80=CIRCLE('',#2429,3.);
#81=CIRCLE('',#2430,5.);
#82=CIRCLE('',#2432,5.);
#83=CIRCLE('',#2433,3.);
#84=CIRCLE('',#2446,2.5);
#85=CIRCLE('',#2447,2.5);
#86=CIRCLE('',#2448,2.5);
#87=CIRCLE('',#2451,0.4);
#88=CIRCLE('',#2452,0.4);
#89=CIRCLE('',#2453,0.4);
#90=CIRCLE('',#2454,0.4);
#91=CIRCLE('',#2463,0.4);
#92=CIRCLE('',#2466,0.4);
#93=CIRCLE('',#2469,0.4);
#94=CIRCLE('',#2472,0.4);
#95=FACE_OUTER_BOUND('',#215,.T.);
#96=FACE_OUTER_BOUND('',#216,.T.);
#97=FACE_OUTER_BOUND('',#217,.T.);
#98=FACE_OUTER_BOUND('',#218,.T.);
#99=FACE_OUTER_BOUND('',#219,.T.);
#100=FACE_OUTER_BOUND('',#220,.T.);
#101=FACE_OUTER_BOUND('',#221,.T.);
#102=FACE_OUTER_BOUND('',#222,.T.);
#103=FACE_OUTER_BOUND('',#223,.T.);
#104=FACE_OUTER_BOUND('',#224,.T.);
#105=FACE_OUTER_BOUND('',#225,.T.);
#106=FACE_OUTER_BOUND('',#226,.T.);
#107=FACE_OUTER_BOUND('',#227,.T.);
#108=FACE_OUTER_BOUND('',#228,.T.);
#109=FACE_OUTER_BOUND('',#229,.T.);
#110=FACE_OUTER_BOUND('',#230,.T.);
#111=FACE_OUTER_BOUND('',#231,.T.);
#112=FACE_OUTER_BOUND('',#232,.T.);
#113=FACE_OUTER_BOUND('',#233,.T.);
#114=FACE_OUTER_BOUND('',#234,.T.);
#115=FACE_OUTER_BOUND('',#235,.T.);
#116=FACE_OUTER_BOUND('',#236,.T.);
#117=FACE_OUTER_BOUND('',#237,.T.);
#118=FACE_OUTER_BOUND('',#238,.T.);
#119=FACE_OUTER_BOUND('',#239,.T.);
#120=FACE_OUTER_BOUND('',#240,.T.);
#121=FACE_OUTER_BOUND('',#252,.T.);
#122=FACE_OUTER_BOUND('',#253,.T.);
#123=FACE_OUTER_BOUND('',#254,.T.);
#124=FACE_OUTER_BOUND('',#255,.T.);
#125=FACE_OUTER_BOUND('',#256,.T.);
#126=FACE_OUTER_BOUND('',#257,.T.);
#127=FACE_OUTER_BOUND('',#259,.T.);
#128=FACE_OUTER_BOUND('',#261,.T.);
#129=FACE_OUTER_BOUND('',#263,.T.);
#130=FACE_OUTER_BOUND('',#264,.T.);
#131=FACE_OUTER_BOUND('',#265,.T.);
#132=FACE_OUTER_BOUND('',#266,.T.);
#133=FACE_OUTER_BOUND('',#267,.T.);
#134=FACE_OUTER_BOUND('',#268,.T.);
#135=FACE_OUTER_BOUND('',#269,.T.);
#136=FACE_OUTER_BOUND('',#270,.T.);
#137=FACE_OUTER_BOUND('',#271,.T.);
#138=FACE_OUTER_BOUND('',#272,.T.);
#139=FACE_OUTER_BOUND('',#273,.T.);
#140=FACE_OUTER_BOUND('',#274,.T.);
#141=FACE_OUTER_BOUND('',#275,.T.);
#142=FACE_OUTER_BOUND('',#276,.T.);
#143=FACE_OUTER_BOUND('',#277,.T.);
#144=FACE_OUTER_BOUND('',#278,.T.);
#145=FACE_OUTER_BOUND('',#279,.T.);
#146=FACE_OUTER_BOUND('',#280,.T.);
#147=FACE_OUTER_BOUND('',#281,.T.);
#148=FACE_OUTER_BOUND('',#282,.T.);
#149=FACE_OUTER_BOUND('',#283,.T.);
#150=FACE_OUTER_BOUND('',#284,.T.);
#151=FACE_OUTER_BOUND('',#285,.T.);
#152=FACE_OUTER_BOUND('',#287,.T.);
#153=FACE_OUTER_BOUND('',#289,.T.);
#154=FACE_OUTER_BOUND('',#290,.T.);
#155=FACE_OUTER_BOUND('',#291,.T.);
#156=FACE_OUTER_BOUND('',#292,.T.);
#157=FACE_OUTER_BOUND('',#293,.T.);
#158=FACE_OUTER_BOUND('',#294,.T.);
#159=FACE_OUTER_BOUND('',#295,.T.);
#160=FACE_OUTER_BOUND('',#296,.T.);
#161=FACE_OUTER_BOUND('',#297,.T.);
#162=FACE_OUTER_BOUND('',#298,.T.);
#163=FACE_OUTER_BOUND('',#299,.T.);
#164=FACE_OUTER_BOUND('',#300,.T.);
#165=FACE_OUTER_BOUND('',#301,.T.);
#166=FACE_OUTER_BOUND('',#302,.T.);
#167=FACE_OUTER_BOUND('',#303,.T.);
#168=FACE_OUTER_BOUND('',#304,.T.);
#169=FACE_OUTER_BOUND('',#305,.T.);
#170=FACE_OUTER_BOUND('',#306,.T.);
#171=FACE_OUTER_BOUND('',#307,.T.);
#172=FACE_OUTER_BOUND('',#308,.T.);
#173=FACE_OUTER_BOUND('',#309,.T.);
#174=FACE_OUTER_BOUND('',#310,.T.);
#175=FACE_OUTER_BOUND('',#311,.T.);
#176=FACE_OUTER_BOUND('',#312,.T.);
#177=FACE_OUTER_BOUND('',#313,.T.);
#178=FACE_OUTER_BOUND('',#314,.T.);
#179=FACE_OUTER_BOUND('',#315,.T.);
#180=FACE_OUTER_BOUND('',#316,.T.);
#181=FACE_OUTER_BOUND('',#317,.T.);
#182=FACE_OUTER_BOUND('',#318,.T.);
#183=FACE_OUTER_BOUND('',#319,.T.);
#184=FACE_OUTER_BOUND('',#320,.T.);
#185=FACE_OUTER_BOUND('',#321,.T.);
#186=FACE_OUTER_BOUND('',#322,.T.);
#187=FACE_OUTER_BOUND('',#323,.T.);
#188=FACE_OUTER_BOUND('',#324,.T.);
#189=FACE_OUTER_BOUND('',#325,.T.);
#190=FACE_OUTER_BOUND('',#326,.T.);
#191=FACE_OUTER_BOUND('',#327,.T.);
#192=FACE_OUTER_BOUND('',#328,.T.);
#193=FACE_OUTER_BOUND('',#329,.T.);
#194=FACE_OUTER_BOUND('',#330,.T.);
#195=FACE_OUTER_BOUND('',#331,.T.);
#196=FACE_OUTER_BOUND('',#332,.T.);
#197=FACE_OUTER_BOUND('',#333,.T.);
#198=FACE_OUTER_BOUND('',#334,.T.);
#199=FACE_OUTER_BOUND('',#335,.T.);
#200=FACE_OUTER_BOUND('',#336,.T.);
#201=FACE_OUTER_BOUND('',#337,.T.);
#202=FACE_OUTER_BOUND('',#338,.T.);
#203=FACE_OUTER_BOUND('',#339,.T.);
#204=FACE_OUTER_BOUND('',#340,.T.);
#205=FACE_OUTER_BOUND('',#341,.T.);
#206=FACE_OUTER_BOUND('',#342,.T.);
#207=FACE_OUTER_BOUND('',#343,.T.);
#208=FACE_OUTER_BOUND('',#344,.T.);
#209=FACE_OUTER_BOUND('',#345,.T.);
#210=FACE_OUTER_BOUND('',#346,.T.);
#211=FACE_OUTER_BOUND('',#347,.T.);
#212=FACE_OUTER_BOUND('',#359,.T.);
#213=FACE_OUTER_BOUND('',#360,.T.);
#214=FACE_OUTER_BOUND('',#361,.T.);
#215=EDGE_LOOP('',(#1501,#1502,#1503,#1504));
#216=EDGE_LOOP('',(#1505,#1506,#1507,#1508));
#217=EDGE_LOOP('',(#1509,#1510,#1511,#1512,#1513,#1514,#1515,#1516,#1517,
#1518,#1519,#1520,#1521,#1522,#1523));
#218=EDGE_LOOP('',(#1524,#1525,#1526,#1527,#1528,#1529,#1530,#1531));
#219=EDGE_LOOP('',(#1532,#1533,#1534,#1535,#1536));
#220=EDGE_LOOP('',(#1537,#1538,#1539,#1540,#1541));
#221=EDGE_LOOP('',(#1542,#1543,#1544,#1545));
#222=EDGE_LOOP('',(#1546,#1547,#1548,#1549));
#223=EDGE_LOOP('',(#1550,#1551,#1552,#1553));
#224=EDGE_LOOP('',(#1554,#1555,#1556,#1557));
#225=EDGE_LOOP('',(#1558,#1559,#1560,#1561,#1562,#1563,#1564));
#226=EDGE_LOOP('',(#1565,#1566,#1567,#1568,#1569,#1570));
#227=EDGE_LOOP('',(#1571,#1572,#1573,#1574,#1575,#1576));
#228=EDGE_LOOP('',(#1577,#1578,#1579,#1580));
#229=EDGE_LOOP('',(#1581,#1582,#1583,#1584,#1585,#1586));
#230=EDGE_LOOP('',(#1587,#1588,#1589,#1590));
#231=EDGE_LOOP('',(#1591,#1592,#1593,#1594));
#232=EDGE_LOOP('',(#1595,#1596,#1597,#1598));
#233=EDGE_LOOP('',(#1599,#1600,#1601,#1602));
#234=EDGE_LOOP('',(#1603,#1604,#1605,#1606,#1607,#1608,#1609,#1610));
#235=EDGE_LOOP('',(#1611,#1612,#1613,#1614));
#236=EDGE_LOOP('',(#1615,#1616,#1617,#1618,#1619,#1620,#1621,#1622));
#237=EDGE_LOOP('',(#1623,#1624,#1625,#1626,#1627));
#238=EDGE_LOOP('',(#1628,#1629,#1630,#1631));
#239=EDGE_LOOP('',(#1632,#1633,#1634,#1635));
#240=EDGE_LOOP('',(#1636,#1637,#1638,#1639,#1640,#1641,#1642,#1643));
#241=EDGE_LOOP('',(#1644,#1645,#1646,#1647));
#242=EDGE_LOOP('',(#1648,#1649,#1650,#1651,#1652,#1653));
#243=EDGE_LOOP('',(#1654,#1655,#1656,#1657));
#244=EDGE_LOOP('',(#1658,#1659,#1660,#1661));
#245=EDGE_LOOP('',(#1662,#1663,#1664,#1665));
#246=EDGE_LOOP('',(#1666,#1667,#1668,#1669));
#247=EDGE_LOOP('',(#1670,#1671,#1672,#1673));
#248=EDGE_LOOP('',(#1674,#1675,#1676,#1677));
#249=EDGE_LOOP('',(#1678,#1679,#1680,#1681));
#250=EDGE_LOOP('',(#1682,#1683,#1684,#1685));
#251=EDGE_LOOP('',(#1686,#1687,#1688,#1689));
#252=EDGE_LOOP('',(#1690,#1691,#1692,#1693));
#253=EDGE_LOOP('',(#1694,#1695,#1696,#1697));
#254=EDGE_LOOP('',(#1698,#1699,#1700,#1701,#1702,#1703));
#255=EDGE_LOOP('',(#1704,#1705,#1706,#1707,#1708,#1709,#1710,#1711,#1712,
#1713,#1714,#1715,#1716,#1717,#1718));
#256=EDGE_LOOP('',(#1719,#1720,#1721,#1722,#1723,#1724));
#257=EDGE_LOOP('',(#1725,#1726,#1727,#1728));
#258=EDGE_LOOP('',(#1729,#1730,#1731,#1732,#1733,#1734,#1735,#1736));
#259=EDGE_LOOP('',(#1737,#1738,#1739,#1740));
#260=EDGE_LOOP('',(#1741,#1742,#1743,#1744));
#261=EDGE_LOOP('',(#1745,#1746,#1747,#1748));
#262=EDGE_LOOP('',(#1749,#1750,#1751,#1752));
#263=EDGE_LOOP('',(#1753,#1754,#1755,#1756));
#264=EDGE_LOOP('',(#1757,#1758,#1759,#1760));
#265=EDGE_LOOP('',(#1761,#1762,#1763,#1764));
#266=EDGE_LOOP('',(#1765,#1766,#1767,#1768));
#267=EDGE_LOOP('',(#1769,#1770,#1771,#1772));
#268=EDGE_LOOP('',(#1773,#1774,#1775,#1776));
#269=EDGE_LOOP('',(#1777,#1778,#1779,#1780));
#270=EDGE_LOOP('',(#1781,#1782,#1783,#1784));
#271=EDGE_LOOP('',(#1785,#1786,#1787,#1788));
#272=EDGE_LOOP('',(#1789,#1790,#1791,#1792));
#273=EDGE_LOOP('',(#1793,#1794,#1795,#1796));
#274=EDGE_LOOP('',(#1797,#1798,#1799,#1800));
#275=EDGE_LOOP('',(#1801,#1802,#1803,#1804));
#276=EDGE_LOOP('',(#1805,#1806,#1807,#1808));
#277=EDGE_LOOP('',(#1809,#1810,#1811,#1812));
#278=EDGE_LOOP('',(#1813,#1814,#1815,#1816));
#279=EDGE_LOOP('',(#1817,#1818,#1819,#1820));
#280=EDGE_LOOP('',(#1821,#1822,#1823,#1824));
#281=EDGE_LOOP('',(#1825,#1826,#1827,#1828));
#282=EDGE_LOOP('',(#1829,#1830,#1831,#1832));
#283=EDGE_LOOP('',(#1833,#1834,#1835,#1836));
#284=EDGE_LOOP('',(#1837,#1838,#1839,#1840));
#285=EDGE_LOOP('',(#1841,#1842,#1843,#1844));
#286=EDGE_LOOP('',(#1845,#1846,#1847,#1848));
#287=EDGE_LOOP('',(#1849,#1850,#1851,#1852));
#288=EDGE_LOOP('',(#1853,#1854,#1855,#1856,#1857,#1858,#1859,#1860));
#289=EDGE_LOOP('',(#1861,#1862,#1863,#1864));
#290=EDGE_LOOP('',(#1865,#1866,#1867,#1868));
#291=EDGE_LOOP('',(#1869,#1870,#1871,#1872));
#292=EDGE_LOOP('',(#1873,#1874,#1875,#1876));
#293=EDGE_LOOP('',(#1877,#1878,#1879,#1880));
#294=EDGE_LOOP('',(#1881,#1882,#1883,#1884));
#295=EDGE_LOOP('',(#1885,#1886,#1887,#1888));
#296=EDGE_LOOP('',(#1889,#1890,#1891,#1892));
#297=EDGE_LOOP('',(#1893,#1894,#1895,#1896));
#298=EDGE_LOOP('',(#1897,#1898,#1899,#1900));
#299=EDGE_LOOP('',(#1901,#1902,#1903,#1904));
#300=EDGE_LOOP('',(#1905,#1906,#1907,#1908));
#301=EDGE_LOOP('',(#1909,#1910,#1911,#1912));
#302=EDGE_LOOP('',(#1913,#1914,#1915,#1916));
#303=EDGE_LOOP('',(#1917,#1918,#1919,#1920));
#304=EDGE_LOOP('',(#1921,#1922,#1923,#1924));
#305=EDGE_LOOP('',(#1925,#1926,#1927,#1928));
#306=EDGE_LOOP('',(#1929,#1930,#1931,#1932));
#307=EDGE_LOOP('',(#1933,#1934,#1935,#1936));
#308=EDGE_LOOP('',(#1937,#1938,#1939,#1940));
#309=EDGE_LOOP('',(#1941,#1942,#1943,#1944));
#310=EDGE_LOOP('',(#1945,#1946,#1947,#1948));
#311=EDGE_LOOP('',(#1949,#1950,#1951,#1952));
#312=EDGE_LOOP('',(#1953,#1954,#1955,#1956));
#313=EDGE_LOOP('',(#1957,#1958,#1959,#1960));
#314=EDGE_LOOP('',(#1961,#1962,#1963,#1964));
#315=EDGE_LOOP('',(#1965,#1966,#1967,#1968));
#316=EDGE_LOOP('',(#1969,#1970,#1971,#1972));
#317=EDGE_LOOP('',(#1973,#1974,#1975,#1976));
#318=EDGE_LOOP('',(#1977,#1978,#1979,#1980));
#319=EDGE_LOOP('',(#1981,#1982,#1983,#1984));
#320=EDGE_LOOP('',(#1985,#1986,#1987,#1988));
#321=EDGE_LOOP('',(#1989,#1990,#1991,#1992));
#322=EDGE_LOOP('',(#1993,#1994,#1995,#1996));
#323=EDGE_LOOP('',(#1997,#1998,#1999,#2000));
#324=EDGE_LOOP('',(#2001,#2002,#2003,#2004));
#325=EDGE_LOOP('',(#2005,#2006,#2007,#2008));
#326=EDGE_LOOP('',(#2009,#2010,#2011,#2012));
#327=EDGE_LOOP('',(#2013,#2014,#2015,#2016));
#328=EDGE_LOOP('',(#2017,#2018,#2019,#2020));
#329=EDGE_LOOP('',(#2021,#2022,#2023,#2024));
#330=EDGE_LOOP('',(#2025,#2026,#2027,#2028));
#331=EDGE_LOOP('',(#2029,#2030,#2031,#2032));
#332=EDGE_LOOP('',(#2033,#2034,#2035,#2036));
#333=EDGE_LOOP('',(#2037,#2038,#2039,#2040));
#334=EDGE_LOOP('',(#2041,#2042,#2043,#2044));
#335=EDGE_LOOP('',(#2045,#2046,#2047,#2048));
#336=EDGE_LOOP('',(#2049,#2050,#2051,#2052));
#337=EDGE_LOOP('',(#2053,#2054,#2055,#2056));
#338=EDGE_LOOP('',(#2057,#2058,#2059,#2060));
#339=EDGE_LOOP('',(#2061,#2062,#2063,#2064));
#340=EDGE_LOOP('',(#2065,#2066,#2067,#2068,#2069));
#341=EDGE_LOOP('',(#2070,#2071,#2072,#2073));
#342=EDGE_LOOP('',(#2074,#2075,#2076,#2077));
#343=EDGE_LOOP('',(#2078,#2079,#2080,#2081));
#344=EDGE_LOOP('',(#2082,#2083,#2084,#2085));
#345=EDGE_LOOP('',(#2086,#2087,#2088,#2089));
#346=EDGE_LOOP('',(#2090,#2091,#2092,#2093));
#347=EDGE_LOOP('',(#2094,#2095,#2096,#2097,#2098,#2099,#2100,#2101,#2102));
#348=EDGE_LOOP('',(#2103,#2104,#2105,#2106));
#349=EDGE_LOOP('',(#2107,#2108,#2109,#2110));
#350=EDGE_LOOP('',(#2111,#2112,#2113,#2114));
#351=EDGE_LOOP('',(#2115,#2116,#2117,#2118,#2119,#2120));
#352=EDGE_LOOP('',(#2121,#2122,#2123,#2124));
#353=EDGE_LOOP('',(#2125,#2126,#2127,#2128));
#354=EDGE_LOOP('',(#2129,#2130,#2131,#2132));
#355=EDGE_LOOP('',(#2133,#2134,#2135,#2136));
#356=EDGE_LOOP('',(#2137,#2138,#2139,#2140));
#357=EDGE_LOOP('',(#2141,#2142,#2143,#2144));
#358=EDGE_LOOP('',(#2145,#2146,#2147,#2148));
#359=EDGE_LOOP('',(#2149,#2150,#2151,#2152));
#360=EDGE_LOOP('',(#2153,#2154,#2155,#2156));
#361=EDGE_LOOP('',(#2157,#2158,#2159,#2160,#2161,#2162));
#362=LINE('',#3139,#657);
#363=LINE('',#3141,#658);
#364=LINE('',#3143,#659);
#365=LINE('',#3144,#660);
#366=LINE('',#3147,#661);
#367=LINE('',#3149,#662);
#368=LINE('',#3150,#663);
#369=LINE('',#3153,#664);
#370=LINE('',#3155,#665);
#371=LINE('',#3159,#666);
#372=LINE('',#3165,#667);
#373=LINE('',#3169,#668);
#374=LINE('',#3173,#669);
#375=LINE('',#3177,#670);
#376=LINE('',#3182,#671);
#377=LINE('',#3184,#672);
#378=LINE('',#3186,#673);
#379=LINE('',#3188,#674);
#380=LINE('',#3190,#675);
#381=LINE('',#3192,#676);
#382=LINE('',#3194,#677);
#383=LINE('',#3195,#678);
#384=LINE('',#3198,#679);
#385=LINE('',#3202,#680);
#386=LINE('',#3203,#681);
#387=LINE('',#3206,#682);
#388=LINE('',#3208,#683);
#389=LINE('',#3210,#684);
#390=LINE('',#3213,#685);
#391=LINE('',#3216,#686);
#392=LINE('',#3219,#687);
#393=LINE('',#3220,#688);
#394=LINE('',#3223,#689);
#395=LINE('',#3227,#690);
#396=LINE('',#3228,#691);
#397=LINE('',#3231,#692);
#398=LINE('',#3233,#693);
#399=LINE('',#3237,#694);
#400=LINE('',#3238,#695);
#401=LINE('',#3241,#696);
#402=LINE('',#3243,#697);
#403=LINE('',#3244,#698);
#404=LINE('',#3246,#699);
#405=LINE('',#3251,#700);
#406=LINE('',#3252,#701);
#407=LINE('',#3256,#702);
#408=LINE('',#3260,#703);
#409=LINE('',#3265,#704);
#410=LINE('',#3269,#705);
#411=LINE('',#3272,#706);
#412=LINE('',#3273,#707);
#413=LINE('',#3275,#708);
#414=LINE('',#3276,#709);
#415=LINE('',#3278,#710);
#416=LINE('',#3280,#711);
#417=LINE('',#3282,#712);
#418=LINE('',#3284,#713);
#419=LINE('',#3286,#714);
#420=LINE('',#3287,#715);
#421=LINE('',#3290,#716);
#422=LINE('',#3305,#717);
#423=LINE('',#3358,#718);
#424=LINE('',#3359,#719);
#425=LINE('',#3362,#720);
#426=LINE('',#3377,#721);
#427=LINE('',#3380,#722);
#428=LINE('',#3382,#723);
#429=LINE('',#3384,#724);
#430=LINE('',#3385,#725);
#431=LINE('',#3388,#726);
#432=LINE('',#3390,#727);
#433=LINE('',#3392,#728);
#434=LINE('',#3394,#729);
#435=LINE('',#3396,#730);
#436=LINE('',#3397,#731);
#437=LINE('',#3400,#732);
#438=LINE('',#3402,#733);
#439=LINE('',#3404,#734);
#440=LINE('',#3405,#735);
#441=LINE('',#3408,#736);
#442=LINE('',#3410,#737);
#443=LINE('',#3412,#738);
#444=LINE('',#3413,#739);
#445=LINE('',#3416,#740);
#446=LINE('',#3418,#741);
#447=LINE('',#3420,#742);
#448=LINE('',#3421,#743);
#449=LINE('',#3424,#744);
#450=LINE('',#3426,#745);
#451=LINE('',#3428,#746);
#452=LINE('',#3429,#747);
#453=LINE('',#3432,#748);
#454=LINE('',#3434,#749);
#455=LINE('',#3436,#750);
#456=LINE('',#3437,#751);
#457=LINE('',#3440,#752);
#458=LINE('',#3442,#753);
#459=LINE('',#3444,#754);
#460=LINE('',#3445,#755);
#461=LINE('',#3448,#756);
#462=LINE('',#3450,#757);
#463=LINE('',#3452,#758);
#464=LINE('',#3453,#759);
#465=LINE('',#3456,#760);
#466=LINE('',#3458,#761);
#467=LINE('',#3460,#762);
#468=LINE('',#3461,#763);
#469=LINE('',#3464,#764);
#470=LINE('',#3466,#765);
#471=LINE('',#3468,#766);
#472=LINE('',#3469,#767);
#473=LINE('',#3472,#768);
#474=LINE('',#3478,#769);
#475=LINE('',#3482,#770);
#476=LINE('',#3486,#771);
#477=LINE('',#3490,#772);
#478=LINE('',#3493,#773);
#479=LINE('',#3495,#774);
#480=LINE('',#3497,#775);
#481=LINE('',#3499,#776);
#482=LINE('',#3500,#777);
#483=LINE('',#3503,#778);
#484=LINE('',#3505,#779);
#485=LINE('',#3507,#780);
#486=LINE('',#3509,#781);
#487=LINE('',#3510,#782);
#488=LINE('',#3514,#783);
#489=LINE('',#3516,#784);
#490=LINE('',#3518,#785);
#491=LINE('',#3519,#786);
#492=LINE('',#3522,#787);
#493=LINE('',#3526,#788);
#494=LINE('',#3530,#789);
#495=LINE('',#3534,#790);
#496=LINE('',#3539,#791);
#497=LINE('',#3541,#792);
#498=LINE('',#3543,#793);
#499=LINE('',#3544,#794);
#500=LINE('',#3547,#795);
#501=LINE('',#3549,#796);
#502=LINE('',#3551,#797);
#503=LINE('',#3552,#798);
#504=LINE('',#3556,#799);
#505=LINE('',#3558,#800);
#506=LINE('',#3560,#801);
#507=LINE('',#3561,#802);
#508=LINE('',#3565,#803);
#509=LINE('',#3566,#804);
#510=LINE('',#3567,#805);
#511=LINE('',#3570,#806);
#512=LINE('',#3571,#807);
#513=LINE('',#3574,#808);
#514=LINE('',#3575,#809);
#515=LINE('',#3577,#810);
#516=LINE('',#3580,#811);
#517=LINE('',#3582,#812);
#518=LINE('',#3583,#813);
#519=LINE('',#3587,#814);
#520=LINE('',#3590,#815);
#521=LINE('',#3591,#816);
#522=LINE('',#3595,#817);
#523=LINE('',#3598,#818);
#524=LINE('',#3599,#819);
#525=LINE('',#3603,#820);
#526=LINE('',#3606,#821);
#527=LINE('',#3607,#822);
#528=LINE('',#3612,#823);
#529=LINE('',#3627,#824);
#530=LINE('',#3628,#825);
#531=LINE('',#3630,#826);
#532=LINE('',#3632,#827);
#533=LINE('',#3667,#828);
#534=LINE('',#3668,#829);
#535=LINE('',#3670,#830);
#536=LINE('',#3672,#831);
#537=LINE('',#3677,#832);
#538=LINE('',#3679,#833);
#539=LINE('',#3681,#834);
#540=LINE('',#3682,#835);
#541=LINE('',#3686,#836);
#542=LINE('',#3688,#837);
#543=LINE('',#3690,#838);
#544=LINE('',#3691,#839);
#545=LINE('',#3693,#840);
#546=LINE('',#3697,#841);
#547=LINE('',#3699,#842);
#548=LINE('',#3700,#843);
#549=LINE('',#3703,#844);
#550=LINE('',#3704,#845);
#551=LINE('',#3707,#846);
#552=LINE('',#3708,#847);
#553=LINE('',#3710,#848);
#554=LINE('',#3713,#849);
#555=LINE('',#3715,#850);
#556=LINE('',#3716,#851);
#557=LINE('',#3719,#852);
#558=LINE('',#3720,#853);
#559=LINE('',#3723,#854);
#560=LINE('',#3724,#855);
#561=LINE('',#3726,#856);
#562=LINE('',#3729,#857);
#563=LINE('',#3731,#858);
#564=LINE('',#3732,#859);
#565=LINE('',#3735,#860);
#566=LINE('',#3736,#861);
#567=LINE('',#3739,#862);
#568=LINE('',#3740,#863);
#569=LINE('',#3742,#864);
#570=LINE('',#3745,#865);
#571=LINE('',#3747,#866);
#572=LINE('',#3748,#867);
#573=LINE('',#3751,#868);
#574=LINE('',#3752,#869);
#575=LINE('',#3755,#870);
#576=LINE('',#3756,#871);
#577=LINE('',#3758,#872);
#578=LINE('',#3761,#873);
#579=LINE('',#3763,#874);
#580=LINE('',#3764,#875);
#581=LINE('',#3767,#876);
#582=LINE('',#3768,#877);
#583=LINE('',#3771,#878);
#584=LINE('',#3772,#879);
#585=LINE('',#3774,#880);
#586=LINE('',#3777,#881);
#587=LINE('',#3779,#882);
#588=LINE('',#3780,#883);
#589=LINE('',#3783,#884);
#590=LINE('',#3784,#885);
#591=LINE('',#3787,#886);
#592=LINE('',#3788,#887);
#593=LINE('',#3790,#888);
#594=LINE('',#3793,#889);
#595=LINE('',#3795,#890);
#596=LINE('',#3796,#891);
#597=LINE('',#3799,#892);
#598=LINE('',#3800,#893);
#599=LINE('',#3803,#894);
#600=LINE('',#3804,#895);
#601=LINE('',#3806,#896);
#602=LINE('',#3809,#897);
#603=LINE('',#3811,#898);
#604=LINE('',#3812,#899);
#605=LINE('',#3815,#900);
#606=LINE('',#3816,#901);
#607=LINE('',#3819,#902);
#608=LINE('',#3820,#903);
#609=LINE('',#3823,#904);
#610=LINE('',#3824,#905);
#611=LINE('',#3827,#906);
#612=LINE('',#3828,#907);
#613=LINE('',#3830,#908);
#614=LINE('',#3833,#909);
#615=LINE('',#3835,#910);
#616=LINE('',#3836,#911);
#617=LINE('',#3839,#912);
#618=LINE('',#3840,#913);
#619=LINE('',#3843,#914);
#620=LINE('',#3844,#915);
#621=LINE('',#3846,#916);
#622=LINE('',#3849,#917);
#623=LINE('',#3851,#918);
#624=LINE('',#3852,#919);
#625=LINE('',#3855,#920);
#626=LINE('',#3856,#921);
#627=LINE('',#3859,#922);
#628=LINE('',#3860,#923);
#629=LINE('',#3862,#924);
#630=LINE('',#3865,#925);
#631=LINE('',#3867,#926);
#632=LINE('',#3868,#927);
#633=LINE('',#3871,#928);
#634=LINE('',#3872,#929);
#635=LINE('',#3875,#930);
#636=LINE('',#3876,#931);
#637=LINE('',#3878,#932);
#638=LINE('',#3882,#933);
#639=LINE('',#3884,#934);
#640=LINE('',#3886,#935);
#641=LINE('',#3887,#936);
#642=LINE('',#3890,#937);
#643=LINE('',#3892,#938);
#644=LINE('',#3893,#939);
#645=LINE('',#3896,#940);
#646=LINE('',#3897,#941);
#647=LINE('',#3899,#942);
#648=LINE('',#3901,#943);
#649=LINE('',#3903,#944);
#650=LINE('',#3905,#945);
#651=LINE('',#3907,#946);
#652=LINE('',#3910,#947);
#653=LINE('',#3912,#948);
#654=LINE('',#3913,#949);
#655=LINE('',#3915,#950);
#656=LINE('',#3917,#951);
#657=VECTOR('',#2550,10.);
#658=VECTOR('',#2551,10.);
#659=VECTOR('',#2552,10.);
#660=VECTOR('',#2553,10.);
#661=VECTOR('',#2556,10.);
#662=VECTOR('',#2557,10.);
#663=VECTOR('',#2558,10.);
#664=VECTOR('',#2561,10.);
#665=VECTOR('',#2562,10.);
#666=VECTOR('',#2565,10.);
#667=VECTOR('',#2570,10.);
#668=VECTOR('',#2573,10.);
#669=VECTOR('',#2576,10.);
#670=VECTOR('',#2579,10.);
#671=VECTOR('',#2584,10.);
#672=VECTOR('',#2585,10.);
#673=VECTOR('',#2586,10.);
#674=VECTOR('',#2587,10.);
#675=VECTOR('',#2588,10.);
#676=VECTOR('',#2589,10.);
#677=VECTOR('',#2590,10.);
#678=VECTOR('',#2591,10.);
#679=VECTOR('',#2594,10.);
#680=VECTOR('',#2597,10.);
#681=VECTOR('',#2598,10.);
#682=VECTOR('',#2601,10.);
#683=VECTOR('',#2602,10.);
#684=VECTOR('',#2605,10.);
#685=VECTOR('',#2608,10.);
#686=VECTOR('',#2611,10.);
#687=VECTOR('',#2614,10.);
#688=VECTOR('',#2615,10.);
#689=VECTOR('',#2618,10.);
#690=VECTOR('',#2623,10.);
#691=VECTOR('',#2624,10.);
#692=VECTOR('',#2627,10.);
#693=VECTOR('',#2628,10.);
#694=VECTOR('',#2633,10.);
#695=VECTOR('',#2634,10.);
#696=VECTOR('',#2637,10.);
#697=VECTOR('',#2638,10.);
#698=VECTOR('',#2639,10.);
#699=VECTOR('',#2642,10.);
#700=VECTOR('',#2647,10.);
#701=VECTOR('',#2648,10.);
#702=VECTOR('',#2651,10.);
#703=VECTOR('',#2654,10.);
#704=VECTOR('',#2659,10.);
#705=VECTOR('',#2662,10.);
#706=VECTOR('',#2667,10.);
#707=VECTOR('',#2668,10.);
#708=VECTOR('',#2671,10.);
#709=VECTOR('',#2672,10.);
#710=VECTOR('',#2675,10.);
#711=VECTOR('',#2678,10.);
#712=VECTOR('',#2681,10.);
#713=VECTOR('',#2682,10.);
#714=VECTOR('',#2683,10.);
#715=VECTOR('',#2684,10.);
#716=VECTOR('',#2687,10.);
#717=VECTOR('',#2688,10.);
#718=VECTOR('',#2691,1000.);
#719=VECTOR('',#2692,1000.);
#720=VECTOR('',#2695,1000.);
#721=VECTOR('',#2696,1000.);
#722=VECTOR('',#2697,1000.);
#723=VECTOR('',#2698,1000.);
#724=VECTOR('',#2699,1000.);
#725=VECTOR('',#2700,1000.);
#726=VECTOR('',#2701,1000.);
#727=VECTOR('',#2702,1000.);
#728=VECTOR('',#2703,1000.);
#729=VECTOR('',#2704,1000.);
#730=VECTOR('',#2705,1000.);
#731=VECTOR('',#2706,10.);
#732=VECTOR('',#2707,10.);
#733=VECTOR('',#2708,10.);
#734=VECTOR('',#2709,10.);
#735=VECTOR('',#2710,10.);
#736=VECTOR('',#2711,1000.);
#737=VECTOR('',#2712,1000.);
#738=VECTOR('',#2713,1000.);
#739=VECTOR('',#2714,1000.);
#740=VECTOR('',#2715,1000.);
#741=VECTOR('',#2716,1000.);
#742=VECTOR('',#2717,1000.);
#743=VECTOR('',#2718,1000.);
#744=VECTOR('',#2719,1000.);
#745=VECTOR('',#2720,1000.);
#746=VECTOR('',#2721,1000.);
#747=VECTOR('',#2722,1000.);
#748=VECTOR('',#2723,1000.);
#749=VECTOR('',#2724,1000.);
#750=VECTOR('',#2725,1000.);
#751=VECTOR('',#2726,1000.);
#752=VECTOR('',#2727,1000.);
#753=VECTOR('',#2728,1000.);
#754=VECTOR('',#2729,1000.);
#755=VECTOR('',#2730,1000.);
#756=VECTOR('',#2731,1000.);
#757=VECTOR('',#2732,1000.);
#758=VECTOR('',#2733,1000.);
#759=VECTOR('',#2734,1000.);
#760=VECTOR('',#2735,1000.);
#761=VECTOR('',#2736,1000.);
#762=VECTOR('',#2737,1000.);
#763=VECTOR('',#2738,1000.);
#764=VECTOR('',#2739,10.);
#765=VECTOR('',#2740,10.);
#766=VECTOR('',#2741,10.);
#767=VECTOR('',#2742,10.);
#768=VECTOR('',#2745,1000.);
#769=VECTOR('',#2748,10.);
#770=VECTOR('',#2753,10.);
#771=VECTOR('',#2756,10.);
#772=VECTOR('',#2759,10.);
#773=VECTOR('',#2762,10.);
#774=VECTOR('',#2763,10.);
#775=VECTOR('',#2764,10.);
#776=VECTOR('',#2765,10.);
#777=VECTOR('',#2766,10.);
#778=VECTOR('',#2769,10.);
#779=VECTOR('',#2770,10.);
#780=VECTOR('',#2771,10.);
#781=VECTOR('',#2772,1000.);
#782=VECTOR('',#2773,10.);
#783=VECTOR('',#2776,10.);
#784=VECTOR('',#2777,10.);
#785=VECTOR('',#2778,10.);
#786=VECTOR('',#2779,10.);
#787=VECTOR('',#2780,10.);
#788=VECTOR('',#2783,10.);
#789=VECTOR('',#2786,10.);
#790=VECTOR('',#2789,10.);
#791=VECTOR('',#2794,10.);
#792=VECTOR('',#2795,10.);
#793=VECTOR('',#2796,10.);
#794=VECTOR('',#2797,10.);
#795=VECTOR('',#2798,10.);
#796=VECTOR('',#2799,10.);
#797=VECTOR('',#2800,10.);
#798=VECTOR('',#2801,10.);
#799=VECTOR('',#2804,10.);
#800=VECTOR('',#2805,10.);
#801=VECTOR('',#2806,10.);
#802=VECTOR('',#2807,10.);
#803=VECTOR('',#2810,10.);
#804=VECTOR('',#2811,10.);
#805=VECTOR('',#2812,10.);
#806=VECTOR('',#2815,10.);
#807=VECTOR('',#2816,10.);
#808=VECTOR('',#2819,10.);
#809=VECTOR('',#2820,10.);
#810=VECTOR('',#2823,10.);
#811=VECTOR('',#2826,10.);
#812=VECTOR('',#2827,10.);
#813=VECTOR('',#2828,10.);
#814=VECTOR('',#2833,10.);
#815=VECTOR('',#2836,10.);
#816=VECTOR('',#2837,10.);
#817=VECTOR('',#2842,10.);
#818=VECTOR('',#2845,10.);
#819=VECTOR('',#2846,10.);
#820=VECTOR('',#2851,10.);
#821=VECTOR('',#2854,10.);
#822=VECTOR('',#2855,10.);
#823=VECTOR('',#2862,10.);
#824=VECTOR('',#2865,10.);
#825=VECTOR('',#2866,10.);
#826=VECTOR('',#2869,10.);
#827=VECTOR('',#2872,10.);
#828=VECTOR('',#2877,10.);
#829=VECTOR('',#2878,10.);
#830=VECTOR('',#2881,10.);
#831=VECTOR('',#2884,10.);
#832=VECTOR('',#2889,10.);
#833=VECTOR('',#2890,10.);
#834=VECTOR('',#2891,10.);
#835=VECTOR('',#2892,10.);
#836=VECTOR('',#2895,10.);
#837=VECTOR('',#2896,10.);
#838=VECTOR('',#2897,10.);
#839=VECTOR('',#2898,10.);
#840=VECTOR('',#2901,1000.);
#841=VECTOR('',#2906,1000.);
#842=VECTOR('',#2907,1000.);
#843=VECTOR('',#2908,1000.);
#844=VECTOR('',#2911,1000.);
#845=VECTOR('',#2912,1000.);
#846=VECTOR('',#2915,1000.);
#847=VECTOR('',#2916,1000.);
#848=VECTOR('',#2919,1000.);
#849=VECTOR('',#2922,1000.);
#850=VECTOR('',#2923,1000.);
#851=VECTOR('',#2924,1000.);
#852=VECTOR('',#2927,1000.);
#853=VECTOR('',#2928,1000.);
#854=VECTOR('',#2931,1000.);
#855=VECTOR('',#2932,1000.);
#856=VECTOR('',#2935,1000.);
#857=VECTOR('',#2938,1000.);
#858=VECTOR('',#2939,1000.);
#859=VECTOR('',#2940,1000.);
#860=VECTOR('',#2943,1000.);
#861=VECTOR('',#2944,1000.);
#862=VECTOR('',#2947,1000.);
#863=VECTOR('',#2948,1000.);
#864=VECTOR('',#2951,1000.);
#865=VECTOR('',#2954,1000.);
#866=VECTOR('',#2955,1000.);
#867=VECTOR('',#2956,1000.);
#868=VECTOR('',#2959,1000.);
#869=VECTOR('',#2960,1000.);
#870=VECTOR('',#2963,1000.);
#871=VECTOR('',#2964,1000.);
#872=VECTOR('',#2967,1000.);
#873=VECTOR('',#2970,1000.);
#874=VECTOR('',#2971,1000.);
#875=VECTOR('',#2972,1000.);
#876=VECTOR('',#2975,1000.);
#877=VECTOR('',#2976,1000.);
#878=VECTOR('',#2979,1000.);
#879=VECTOR('',#2980,1000.);
#880=VECTOR('',#2983,1000.);
#881=VECTOR('',#2986,10.);
#882=VECTOR('',#2987,10.);
#883=VECTOR('',#2988,10.);
#884=VECTOR('',#2991,10.);
#885=VECTOR('',#2992,10.);
#886=VECTOR('',#2995,10.);
#887=VECTOR('',#2996,10.);
#888=VECTOR('',#2999,10.);
#889=VECTOR('',#3002,10.);
#890=VECTOR('',#3003,10.);
#891=VECTOR('',#3004,10.);
#892=VECTOR('',#3007,10.);
#893=VECTOR('',#3008,10.);
#894=VECTOR('',#3011,10.);
#895=VECTOR('',#3012,10.);
#896=VECTOR('',#3015,10.);
#897=VECTOR('',#3018,1000.);
#898=VECTOR('',#3019,1000.);
#899=VECTOR('',#3020,1000.);
#900=VECTOR('',#3023,1000.);
#901=VECTOR('',#3024,1000.);
#902=VECTOR('',#3027,1000.);
#903=VECTOR('',#3028,1000.);
#904=VECTOR('',#3031,1000.);
#905=VECTOR('',#3032,10.);
#906=VECTOR('',#3035,10.);
#907=VECTOR('',#3036,10.);
#908=VECTOR('',#3039,1000.);
#909=VECTOR('',#3042,1000.);
#910=VECTOR('',#3043,1000.);
#911=VECTOR('',#3044,1000.);
#912=VECTOR('',#3047,1000.);
#913=VECTOR('',#3048,1000.);
#914=VECTOR('',#3051,1000.);
#915=VECTOR('',#3052,1000.);
#916=VECTOR('',#3055,1000.);
#917=VECTOR('',#3058,1000.);
#918=VECTOR('',#3059,1000.);
#919=VECTOR('',#3060,1000.);
#920=VECTOR('',#3063,1000.);
#921=VECTOR('',#3064,1000.);
#922=VECTOR('',#3067,1000.);
#923=VECTOR('',#3068,1000.);
#924=VECTOR('',#3071,1000.);
#925=VECTOR('',#3074,1000.);
#926=VECTOR('',#3075,1000.);
#927=VECTOR('',#3076,1000.);
#928=VECTOR('',#3079,1000.);
#929=VECTOR('',#3080,1000.);
#930=VECTOR('',#3083,1000.);
#931=VECTOR('',#3084,1000.);
#932=VECTOR('',#3087,1000.);
#933=VECTOR('',#3090,10.);
#934=VECTOR('',#3091,10.);
#935=VECTOR('',#3092,1000.);
#936=VECTOR('',#3093,10.);
#937=VECTOR('',#3096,1000.);
#938=VECTOR('',#3097,10.);
#939=VECTOR('',#3098,10.);
#940=VECTOR('',#3101,10.);
#941=VECTOR('',#3102,1000.);
#942=VECTOR('',#3105,10.);
#943=VECTOR('',#3108,10.);
#944=VECTOR('',#3111,10.);
#945=VECTOR('',#3114,10.);
#946=VECTOR('',#3117,10.);
#947=VECTOR('',#3122,1000.);
#948=VECTOR('',#3125,10.);
#949=VECTOR('',#3126,10.);
#950=VECTOR('',#3129,10.);
#951=VECTOR('',#3132,10.);
#952=VERTEX_POINT('',#3137);
#953=VERTEX_POINT('',#3138);
#954=VERTEX_POINT('',#3140);
#955=VERTEX_POINT('',#3142);
#956=VERTEX_POINT('',#3146);
#957=VERTEX_POINT('',#3148);
#958=VERTEX_POINT('',#3152);
#959=VERTEX_POINT('',#3154);
#960=VERTEX_POINT('',#3156);
#961=VERTEX_POINT('',#3158);
#962=VERTEX_POINT('',#3160);
#963=VERTEX_POINT('',#3162);
#964=VERTEX_POINT('',#3164);
#965=VERTEX_POINT('',#3166);
#966=VERTEX_POINT('',#3168);
#967=VERTEX_POINT('',#3170);
#968=VERTEX_POINT('',#3172);
#969=VERTEX_POINT('',#3174);
#970=VERTEX_POINT('',#3176);
#971=VERTEX_POINT('',#3180);
#972=VERTEX_POINT('',#3181);
#973=VERTEX_POINT('',#3183);
#974=VERTEX_POINT('',#3185);
#975=VERTEX_POINT('',#3187);
#976=VERTEX_POINT('',#3189);
#977=VERTEX_POINT('',#3191);
#978=VERTEX_POINT('',#3193);
#979=VERTEX_POINT('',#3197);
#980=VERTEX_POINT('',#3199);
#981=VERTEX_POINT('',#3201);
#982=VERTEX_POINT('',#3205);
#983=VERTEX_POINT('',#3207);
#984=VERTEX_POINT('',#3212);
#985=VERTEX_POINT('',#3214);
#986=VERTEX_POINT('',#3218);
#987=VERTEX_POINT('',#3222);
#988=VERTEX_POINT('',#3226);
#989=VERTEX_POINT('',#3230);
#990=VERTEX_POINT('',#3232);
#991=VERTEX_POINT('',#3236);
#992=VERTEX_POINT('',#3240);
#993=VERTEX_POINT('',#3242);
#994=VERTEX_POINT('',#3248);
#995=VERTEX_POINT('',#3249);
#996=VERTEX_POINT('',#3254);
#997=VERTEX_POINT('',#3255);
#998=VERTEX_POINT('',#3257);
#999=VERTEX_POINT('',#3259);
#1000=VERTEX_POINT('',#3263);
#1001=VERTEX_POINT('',#3264);
#1002=VERTEX_POINT('',#3266);
#1003=VERTEX_POINT('',#3268);
#1004=VERTEX_POINT('',#3283);
#1005=VERTEX_POINT('',#3285);
#1006=VERTEX_POINT('',#3289);
#1007=VERTEX_POINT('',#3291);
#1008=VERTEX_POINT('',#3334);
#1009=VERTEX_POINT('',#3335);
#1010=VERTEX_POINT('',#3361);
#1011=VERTEX_POINT('',#3363);
#1012=VERTEX_POINT('',#3378);
#1013=VERTEX_POINT('',#3379);
#1014=VERTEX_POINT('',#3381);
#1015=VERTEX_POINT('',#3383);
#1016=VERTEX_POINT('',#3386);
#1017=VERTEX_POINT('',#3387);
#1018=VERTEX_POINT('',#3389);
#1019=VERTEX_POINT('',#3391);
#1020=VERTEX_POINT('',#3393);
#1021=VERTEX_POINT('',#3395);
#1022=VERTEX_POINT('',#3398);
#1023=VERTEX_POINT('',#3399);
#1024=VERTEX_POINT('',#3401);
#1025=VERTEX_POINT('',#3403);
#1026=VERTEX_POINT('',#3406);
#1027=VERTEX_POINT('',#3407);
#1028=VERTEX_POINT('',#3409);
#1029=VERTEX_POINT('',#3411);
#1030=VERTEX_POINT('',#3414);
#1031=VERTEX_POINT('',#3415);
#1032=VERTEX_POINT('',#3417);
#1033=VERTEX_POINT('',#3419);
#1034=VERTEX_POINT('',#3422);
#1035=VERTEX_POINT('',#3423);
#1036=VERTEX_POINT('',#3425);
#1037=VERTEX_POINT('',#3427);
#1038=VERTEX_POINT('',#3430);
#1039=VERTEX_POINT('',#3431);
#1040=VERTEX_POINT('',#3433);
#1041=VERTEX_POINT('',#3435);
#1042=VERTEX_POINT('',#3438);
#1043=VERTEX_POINT('',#3439);
#1044=VERTEX_POINT('',#3441);
#1045=VERTEX_POINT('',#3443);
#1046=VERTEX_POINT('',#3446);
#1047=VERTEX_POINT('',#3447);
#1048=VERTEX_POINT('',#3449);
#1049=VERTEX_POINT('',#3451);
#1050=VERTEX_POINT('',#3454);
#1051=VERTEX_POINT('',#3455);
#1052=VERTEX_POINT('',#3457);
#1053=VERTEX_POINT('',#3459);
#1054=VERTEX_POINT('',#3462);
#1055=VERTEX_POINT('',#3463);
#1056=VERTEX_POINT('',#3465);
#1057=VERTEX_POINT('',#3467);
#1058=VERTEX_POINT('',#3471);
#1059=VERTEX_POINT('',#3481);
#1060=VERTEX_POINT('',#3483);
#1061=VERTEX_POINT('',#3485);
#1062=VERTEX_POINT('',#3487);
#1063=VERTEX_POINT('',#3489);
#1064=VERTEX_POINT('',#3492);
#1065=VERTEX_POINT('',#3494);
#1066=VERTEX_POINT('',#3496);
#1067=VERTEX_POINT('',#3498);
#1068=VERTEX_POINT('',#3502);
#1069=VERTEX_POINT('',#3504);
#1070=VERTEX_POINT('',#3506);
#1071=VERTEX_POINT('',#3508);
#1072=VERTEX_POINT('',#3512);
#1073=VERTEX_POINT('',#3513);
#1074=VERTEX_POINT('',#3515);
#1075=VERTEX_POINT('',#3517);
#1076=VERTEX_POINT('',#3520);
#1077=VERTEX_POINT('',#3521);
#1078=VERTEX_POINT('',#3523);
#1079=VERTEX_POINT('',#3525);
#1080=VERTEX_POINT('',#3527);
#1081=VERTEX_POINT('',#3529);
#1082=VERTEX_POINT('',#3531);
#1083=VERTEX_POINT('',#3533);
#1084=VERTEX_POINT('',#3537);
#1085=VERTEX_POINT('',#3538);
#1086=VERTEX_POINT('',#3540);
#1087=VERTEX_POINT('',#3542);
#1088=VERTEX_POINT('',#3545);
#1089=VERTEX_POINT('',#3546);
#1090=VERTEX_POINT('',#3548);
#1091=VERTEX_POINT('',#3550);
#1092=VERTEX_POINT('',#3554);
#1093=VERTEX_POINT('',#3555);
#1094=VERTEX_POINT('',#3557);
#1095=VERTEX_POINT('',#3559);
#1096=VERTEX_POINT('',#3563);
#1097=VERTEX_POINT('',#3564);
#1098=VERTEX_POINT('',#3569);
#1099=VERTEX_POINT('',#3573);
#1100=VERTEX_POINT('',#3579);
#1101=VERTEX_POINT('',#3581);
#1102=VERTEX_POINT('',#3585);
#1103=VERTEX_POINT('',#3589);
#1104=VERTEX_POINT('',#3593);
#1105=VERTEX_POINT('',#3597);
#1106=VERTEX_POINT('',#3601);
#1107=VERTEX_POINT('',#3605);
#1108=VERTEX_POINT('',#3611);
#1109=VERTEX_POINT('',#3675);
#1110=VERTEX_POINT('',#3676);
#1111=VERTEX_POINT('',#3678);
#1112=VERTEX_POINT('',#3680);
#1113=VERTEX_POINT('',#3684);
#1114=VERTEX_POINT('',#3685);
#1115=VERTEX_POINT('',#3687);
#1116=VERTEX_POINT('',#3689);
#1117=VERTEX_POINT('',#3696);
#1118=VERTEX_POINT('',#3698);
#1119=VERTEX_POINT('',#3702);
#1120=VERTEX_POINT('',#3706);
#1121=VERTEX_POINT('',#3712);
#1122=VERTEX_POINT('',#3714);
#1123=VERTEX_POINT('',#3718);
#1124=VERTEX_POINT('',#3722);
#1125=VERTEX_POINT('',#3728);
#1126=VERTEX_POINT('',#3730);
#1127=VERTEX_POINT('',#3734);
#1128=VERTEX_POINT('',#3738);
#1129=VERTEX_POINT('',#3744);
#1130=VERTEX_POINT('',#3746);
#1131=VERTEX_POINT('',#3750);
#1132=VERTEX_POINT('',#3754);
#1133=VERTEX_POINT('',#3760);
#1134=VERTEX_POINT('',#3762);
#1135=VERTEX_POINT('',#3766);
#1136=VERTEX_POINT('',#3770);
#1137=VERTEX_POINT('',#3776);
#1138=VERTEX_POINT('',#3778);
#1139=VERTEX_POINT('',#3782);
#1140=VERTEX_POINT('',#3786);
#1141=VERTEX_POINT('',#3792);
#1142=VERTEX_POINT('',#3794);
#1143=VERTEX_POINT('',#3798);
#1144=VERTEX_POINT('',#3802);
#1145=VERTEX_POINT('',#3808);
#1146=VERTEX_POINT('',#3810);
#1147=VERTEX_POINT('',#3814);
#1148=VERTEX_POINT('',#3818);
#1149=VERTEX_POINT('',#3822);
#1150=VERTEX_POINT('',#3826);
#1151=VERTEX_POINT('',#3832);
#1152=VERTEX_POINT('',#3834);
#1153=VERTEX_POINT('',#3838);
#1154=VERTEX_POINT('',#3842);
#1155=VERTEX_POINT('',#3848);
#1156=VERTEX_POINT('',#3850);
#1157=VERTEX_POINT('',#3854);
#1158=VERTEX_POINT('',#3858);
#1159=VERTEX_POINT('',#3864);
#1160=VERTEX_POINT('',#3866);
#1161=VERTEX_POINT('',#3870);
#1162=VERTEX_POINT('',#3874);
#1163=VERTEX_POINT('',#3880);
#1164=VERTEX_POINT('',#3881);
#1165=VERTEX_POINT('',#3883);
#1166=VERTEX_POINT('',#3885);
#1167=VERTEX_POINT('',#3889);
#1168=VERTEX_POINT('',#3891);
#1169=VERTEX_POINT('',#3895);
#1170=EDGE_CURVE('',#952,#953,#362,.F.);
#1171=EDGE_CURVE('',#952,#954,#363,.T.);
#1172=EDGE_CURVE('',#954,#955,#364,.T.);
#1173=EDGE_CURVE('',#955,#953,#365,.T.);
#1174=EDGE_CURVE('',#952,#956,#366,.F.);
#1175=EDGE_CURVE('',#956,#957,#367,.T.);
#1176=EDGE_CURVE('',#957,#954,#368,.T.);
#1177=EDGE_CURVE('',#958,#952,#369,.F.);
#1178=EDGE_CURVE('',#959,#958,#370,.T.);
#1179=EDGE_CURVE('',#960,#959,#67,.T.);
#1180=EDGE_CURVE('',#961,#960,#371,.T.);
#1181=EDGE_CURVE('',#962,#961,#68,.T.);
#1182=EDGE_CURVE('',#963,#962,#69,.T.);
#1183=EDGE_CURVE('',#964,#963,#372,.T.);
#1184=EDGE_CURVE('',#964,#965,#70,.F.);
#1185=EDGE_CURVE('',#966,#965,#373,.F.);
#1186=EDGE_CURVE('',#966,#967,#71,.T.);
#1187=EDGE_CURVE('',#968,#967,#374,.F.);
#1188=EDGE_CURVE('',#968,#969,#72,.T.);
#1189=EDGE_CURVE('',#970,#969,#375,.F.);
#1190=EDGE_CURVE('',#970,#956,#73,.T.);
#1191=EDGE_CURVE('',#971,#972,#376,.F.);
#1192=EDGE_CURVE('',#972,#973,#377,.T.);
#1193=EDGE_CURVE('',#973,#974,#378,.F.);
#1194=EDGE_CURVE('',#974,#975,#379,.T.);
#1195=EDGE_CURVE('',#975,#976,#380,.T.);
#1196=EDGE_CURVE('',#977,#976,#381,.F.);
#1197=EDGE_CURVE('',#977,#978,#382,.T.);
#1198=EDGE_CURVE('',#978,#971,#383,.T.);
#1199=EDGE_CURVE('',#979,#974,#384,.T.);
#1200=EDGE_CURVE('',#979,#980,#74,.T.);
#1201=EDGE_CURVE('',#981,#980,#385,.T.);
#1202=EDGE_CURVE('',#975,#981,#386,.T.);
#1203=EDGE_CURVE('',#982,#978,#387,.T.);
#1204=EDGE_CURVE('',#983,#982,#388,.T.);
#1205=EDGE_CURVE('',#983,#955,#75,.T.);
#1206=EDGE_CURVE('',#971,#955,#389,.T.);
#1207=EDGE_CURVE('',#984,#979,#390,.T.);
#1208=EDGE_CURVE('',#985,#984,#76,.T.);
#1209=EDGE_CURVE('',#980,#985,#391,.T.);
#1210=EDGE_CURVE('',#986,#985,#392,.T.);
#1211=EDGE_CURVE('',#986,#981,#393,.T.);
#1212=EDGE_CURVE('',#987,#983,#394,.T.);
#1213=EDGE_CURVE('',#953,#987,#77,.T.);
#1214=EDGE_CURVE('',#988,#982,#395,.T.);
#1215=EDGE_CURVE('',#987,#988,#396,.T.);
#1216=EDGE_CURVE('',#988,#989,#397,.T.);
#1217=EDGE_CURVE('',#989,#990,#398,.F.);
#1218=EDGE_CURVE('',#958,#990,#78,.T.);
#1219=EDGE_CURVE('',#991,#977,#399,.T.);
#1220=EDGE_CURVE('',#989,#991,#400,.T.);
#1221=EDGE_CURVE('',#992,#986,#401,.T.);
#1222=EDGE_CURVE('',#992,#993,#402,.T.);
#1223=EDGE_CURVE('',#976,#993,#403,.T.);
#1224=EDGE_CURVE('',#993,#991,#404,.T.);
#1225=EDGE_CURVE('',#994,#995,#79,.T.);
#1226=EDGE_CURVE('',#994,#992,#405,.F.);
#1227=EDGE_CURVE('',#995,#984,#406,.T.);
#1228=EDGE_CURVE('',#996,#997,#407,.F.);
#1229=EDGE_CURVE('',#996,#998,#80,.T.);
#1230=EDGE_CURVE('',#999,#998,#408,.T.);
#1231=EDGE_CURVE('',#999,#997,#81,.T.);
#1232=EDGE_CURVE('',#1000,#1001,#409,.F.);
#1233=EDGE_CURVE('',#1001,#1002,#82,.T.);
#1234=EDGE_CURVE('',#1002,#1003,#410,.T.);
#1235=EDGE_CURVE('',#1003,#1000,#83,.T.);
#1236=EDGE_CURVE('',#998,#1003,#411,.T.);
#1237=EDGE_CURVE('',#1002,#999,#412,.T.);
#1238=EDGE_CURVE('',#995,#997,#413,.T.);
#1239=EDGE_CURVE('',#999,#994,#414,.T.);
#1240=EDGE_CURVE('',#990,#1002,#415,.T.);
#1241=EDGE_CURVE('',#958,#1001,#416,.T.);
#1242=EDGE_CURVE('',#965,#995,#417,.T.);
#1243=EDGE_CURVE('',#974,#1004,#418,.F.);
#1244=EDGE_CURVE('',#1004,#1005,#419,.T.);
#1245=EDGE_CURVE('',#1005,#966,#420,.T.);
#1246=EDGE_CURVE('',#961,#1006,#421,.T.);
#1247=EDGE_CURVE('',#1006,#1007,#44,.T.);
#1248=EDGE_CURVE('',#1007,#963,#422,.T.);
#1249=EDGE_CURVE('',#1008,#1009,#45,.T.);
#1250=EDGE_CURVE('',#1009,#1007,#46,.T.);
#1251=EDGE_CURVE('',#1006,#1008,#47,.T.);
#1252=EDGE_CURVE('',#996,#1009,#423,.T.);
#1253=EDGE_CURVE('',#1007,#997,#424,.T.);
#1254=EDGE_CURVE('',#1008,#1010,#425,.T.);
#1255=EDGE_CURVE('',#1011,#1010,#48,.T.);
#1256=EDGE_CURVE('',#1011,#1000,#426,.T.);
#1257=EDGE_CURVE('',#1012,#1013,#427,.T.);
#1258=EDGE_CURVE('',#1014,#1013,#428,.T.);
#1259=EDGE_CURVE('',#1015,#1014,#429,.T.);
#1260=EDGE_CURVE('',#1015,#1012,#430,.T.);
#1261=EDGE_CURVE('',#1016,#1017,#431,.T.);
#1262=EDGE_CURVE('',#1018,#1017,#432,.T.);
#1263=EDGE_CURVE('',#1019,#1018,#433,.T.);
#1264=EDGE_CURVE('',#1019,#1020,#434,.T.);
#1265=EDGE_CURVE('',#1021,#1020,#435,.F.);
#1266=EDGE_CURVE('',#1016,#1021,#436,.T.);
#1267=EDGE_CURVE('',#1022,#1023,#437,.F.);
#1268=EDGE_CURVE('',#1023,#1024,#438,.F.);
#1269=EDGE_CURVE('',#1024,#1025,#439,.F.);
#1270=EDGE_CURVE('',#1025,#1022,#440,.F.);
#1271=EDGE_CURVE('',#1026,#1027,#441,.T.);
#1272=EDGE_CURVE('',#1028,#1027,#442,.T.);
#1273=EDGE_CURVE('',#1029,#1028,#443,.T.);
#1274=EDGE_CURVE('',#1029,#1026,#444,.T.);
#1275=EDGE_CURVE('',#1030,#1031,#445,.T.);
#1276=EDGE_CURVE('',#1031,#1032,#446,.T.);
#1277=EDGE_CURVE('',#1033,#1032,#447,.T.);
#1278=EDGE_CURVE('',#1030,#1033,#448,.T.);
#1279=EDGE_CURVE('',#1034,#1035,#449,.T.);
#1280=EDGE_CURVE('',#1035,#1036,#450,.T.);
#1281=EDGE_CURVE('',#1037,#1036,#451,.T.);
#1282=EDGE_CURVE('',#1034,#1037,#452,.T.);
#1283=EDGE_CURVE('',#1038,#1039,#453,.T.);
#1284=EDGE_CURVE('',#1039,#1040,#454,.T.);
#1285=EDGE_CURVE('',#1041,#1040,#455,.T.);
#1286=EDGE_CURVE('',#1038,#1041,#456,.T.);
#1287=EDGE_CURVE('',#1042,#1043,#457,.T.);
#1288=EDGE_CURVE('',#1042,#1044,#458,.T.);
#1289=EDGE_CURVE('',#1044,#1045,#459,.T.);
#1290=EDGE_CURVE('',#1043,#1045,#460,.T.);
#1291=EDGE_CURVE('',#1046,#1047,#461,.T.);
#1292=EDGE_CURVE('',#1046,#1048,#462,.T.);
#1293=EDGE_CURVE('',#1048,#1049,#463,.T.);
#1294=EDGE_CURVE('',#1047,#1049,#464,.T.);
#1295=EDGE_CURVE('',#1050,#1051,#465,.T.);
#1296=EDGE_CURVE('',#1050,#1052,#466,.T.);
#1297=EDGE_CURVE('',#1052,#1053,#467,.T.);
#1298=EDGE_CURVE('',#1051,#1053,#468,.T.);
#1299=EDGE_CURVE('',#1054,#1055,#469,.F.);
#1300=EDGE_CURVE('',#1055,#1056,#470,.F.);
#1301=EDGE_CURVE('',#1056,#1057,#471,.F.);
#1302=EDGE_CURVE('',#1057,#1054,#472,.F.);
#1303=EDGE_CURVE('',#1058,#1006,#473,.T.);
#1304=EDGE_CURVE('',#1010,#1058,#49,.T.);
#1305=EDGE_CURVE('',#1058,#960,#474,.T.);
#1306=EDGE_CURVE('',#971,#1059,#475,.T.);
#1307=EDGE_CURVE('',#957,#1060,#84,.T.);
#1308=EDGE_CURVE('',#1061,#1060,#476,.T.);
#1309=EDGE_CURVE('',#1061,#1062,#85,.T.);
#1310=EDGE_CURVE('',#1063,#1062,#477,.T.);
#1311=EDGE_CURVE('',#1063,#1005,#86,.T.);
#1312=EDGE_CURVE('',#1064,#1004,#478,.T.);
#1313=EDGE_CURVE('',#1065,#1064,#479,.T.);
#1314=EDGE_CURVE('',#1066,#1065,#480,.T.);
#1315=EDGE_CURVE('',#1067,#1066,#481,.T.);
#1316=EDGE_CURVE('',#1059,#1067,#482,.T.);
#1317=EDGE_CURVE('',#1068,#1067,#483,.T.);
#1318=EDGE_CURVE('',#1069,#1068,#484,.T.);
#1319=EDGE_CURVE('',#1070,#1069,#485,.F.);
#1320=EDGE_CURVE('',#1071,#1070,#486,.T.);
#1321=EDGE_CURVE('',#1059,#1071,#487,.T.);
#1322=EDGE_CURVE('',#1072,#1073,#488,.T.);
#1323=EDGE_CURVE('',#1074,#1072,#489,.T.);
#1324=EDGE_CURVE('',#1075,#1074,#490,.T.);
#1325=EDGE_CURVE('',#1073,#1075,#491,.T.);
#1326=EDGE_CURVE('',#1076,#1077,#492,.T.);
#1327=EDGE_CURVE('',#1078,#1077,#87,.T.);
#1328=EDGE_CURVE('',#1078,#1079,#493,.T.);
#1329=EDGE_CURVE('',#1080,#1079,#88,.T.);
#1330=EDGE_CURVE('',#1080,#1081,#494,.T.);
#1331=EDGE_CURVE('',#1082,#1081,#89,.T.);
#1332=EDGE_CURVE('',#1082,#1083,#495,.T.);
#1333=EDGE_CURVE('',#1076,#1083,#90,.T.);
#1334=EDGE_CURVE('',#1084,#1085,#496,.T.);
#1335=EDGE_CURVE('',#1085,#1086,#497,.T.);
#1336=EDGE_CURVE('',#1086,#1087,#498,.T.);
#1337=EDGE_CURVE('',#1087,#1084,#499,.T.);
#1338=EDGE_CURVE('',#1088,#1089,#500,.T.);
#1339=EDGE_CURVE('',#1089,#1090,#501,.T.);
#1340=EDGE_CURVE('',#1090,#1091,#502,.T.);
#1341=EDGE_CURVE('',#1091,#1088,#503,.T.);
#1342=EDGE_CURVE('',#1092,#1093,#504,.T.);
#1343=EDGE_CURVE('',#1093,#1094,#505,.T.);
#1344=EDGE_CURVE('',#1094,#1095,#506,.T.);
#1345=EDGE_CURVE('',#1095,#1092,#507,.T.);
#1346=EDGE_CURVE('',#1096,#1097,#508,.T.);
#1347=EDGE_CURVE('',#1097,#1090,#509,.T.);
#1348=EDGE_CURVE('',#1096,#1089,#510,.T.);
#1349=EDGE_CURVE('',#1097,#1098,#511,.T.);
#1350=EDGE_CURVE('',#1098,#1091,#512,.T.);
#1351=EDGE_CURVE('',#1098,#1099,#513,.T.);
#1352=EDGE_CURVE('',#1099,#1088,#514,.T.);
#1353=EDGE_CURVE('',#1099,#1096,#515,.T.);
#1354=EDGE_CURVE('',#1077,#1100,#516,.T.);
#1355=EDGE_CURVE('',#1101,#1076,#517,.T.);
#1356=EDGE_CURVE('',#1101,#1100,#518,.T.);
#1357=EDGE_CURVE('',#1100,#1102,#91,.T.);
#1358=EDGE_CURVE('',#1102,#1078,#519,.T.);
#1359=EDGE_CURVE('',#1102,#1103,#520,.T.);
#1360=EDGE_CURVE('',#1079,#1103,#521,.T.);
#1361=EDGE_CURVE('',#1103,#1104,#92,.T.);
#1362=EDGE_CURVE('',#1104,#1080,#522,.T.);
#1363=EDGE_CURVE('',#1081,#1105,#523,.T.);
#1364=EDGE_CURVE('',#1104,#1105,#524,.T.);
#1365=EDGE_CURVE('',#1105,#1106,#93,.T.);
#1366=EDGE_CURVE('',#1106,#1082,#525,.T.);
#1367=EDGE_CURVE('',#1083,#1107,#526,.T.);
#1368=EDGE_CURVE('',#1106,#1107,#527,.T.);
#1369=EDGE_CURVE('',#1107,#1101,#94,.T.);
#1370=EDGE_CURVE('',#959,#1108,#528,.T.);
#1371=EDGE_CURVE('',#1108,#1058,#50,.T.);
#1372=EDGE_CURVE('',#1057,#1085,#529,.T.);
#1373=EDGE_CURVE('',#1054,#1084,#530,.F.);
#1374=EDGE_CURVE('',#1056,#1086,#531,.T.);
#1375=EDGE_CURVE('',#1055,#1087,#532,.F.);
#1376=EDGE_CURVE('',#1108,#1011,#51,.T.);
#1377=EDGE_CURVE('',#1025,#1094,#533,.T.);
#1378=EDGE_CURVE('',#1022,#1093,#534,.T.);
#1379=EDGE_CURVE('',#1024,#1095,#535,.T.);
#1380=EDGE_CURVE('',#1023,#1092,#536,.T.);
#1381=EDGE_CURVE('',#1109,#1110,#537,.T.);
#1382=EDGE_CURVE('',#1111,#1109,#538,.T.);
#1383=EDGE_CURVE('',#1112,#1111,#539,.T.);
#1384=EDGE_CURVE('',#1110,#1112,#540,.T.);
#1385=EDGE_CURVE('',#1113,#1114,#541,.T.);
#1386=EDGE_CURVE('',#1114,#1115,#542,.T.);
#1387=EDGE_CURVE('',#1116,#1115,#543,.T.);
#1388=EDGE_CURVE('',#1113,#1116,#544,.T.);
#1389=EDGE_CURVE('',#1001,#1108,#545,.T.);
#1390=EDGE_CURVE('',#1117,#1050,#546,.T.);
#1391=EDGE_CURVE('',#1117,#1118,#547,.T.);
#1392=EDGE_CURVE('',#1118,#1052,#548,.T.);
#1393=EDGE_CURVE('',#1118,#1119,#549,.T.);
#1394=EDGE_CURVE('',#1119,#1053,#550,.T.);
#1395=EDGE_CURVE('',#1120,#1119,#551,.T.);
#1396=EDGE_CURVE('',#1120,#1051,#552,.T.);
#1397=EDGE_CURVE('',#1117,#1120,#553,.T.);
#1398=EDGE_CURVE('',#1121,#1042,#554,.T.);
#1399=EDGE_CURVE('',#1121,#1122,#555,.T.);
#1400=EDGE_CURVE('',#1122,#1044,#556,.T.);
#1401=EDGE_CURVE('',#1122,#1123,#557,.T.);
#1402=EDGE_CURVE('',#1123,#1045,#558,.T.);
#1403=EDGE_CURVE('',#1124,#1123,#559,.T.);
#1404=EDGE_CURVE('',#1124,#1043,#560,.T.);
#1405=EDGE_CURVE('',#1121,#1124,#561,.T.);
#1406=EDGE_CURVE('',#1125,#1039,#562,.T.);
#1407=EDGE_CURVE('',#1125,#1126,#563,.T.);
#1408=EDGE_CURVE('',#1126,#1040,#564,.T.);
#1409=EDGE_CURVE('',#1127,#1126,#565,.T.);
#1410=EDGE_CURVE('',#1127,#1041,#566,.T.);
#1411=EDGE_CURVE('',#1128,#1127,#567,.T.);
#1412=EDGE_CURVE('',#1128,#1038,#568,.T.);
#1413=EDGE_CURVE('',#1128,#1125,#569,.T.);
#1414=EDGE_CURVE('',#1129,#1031,#570,.T.);
#1415=EDGE_CURVE('',#1129,#1130,#571,.T.);
#1416=EDGE_CURVE('',#1130,#1032,#572,.T.);
#1417=EDGE_CURVE('',#1131,#1130,#573,.T.);
#1418=EDGE_CURVE('',#1131,#1033,#574,.T.);
#1419=EDGE_CURVE('',#1132,#1131,#575,.T.);
#1420=EDGE_CURVE('',#1132,#1030,#576,.T.);
#1421=EDGE_CURVE('',#1132,#1129,#577,.T.);
#1422=EDGE_CURVE('',#1133,#1046,#578,.T.);
#1423=EDGE_CURVE('',#1133,#1134,#579,.T.);
#1424=EDGE_CURVE('',#1134,#1048,#580,.T.);
#1425=EDGE_CURVE('',#1134,#1135,#581,.T.);
#1426=EDGE_CURVE('',#1135,#1049,#582,.T.);
#1427=EDGE_CURVE('',#1136,#1135,#583,.T.);
#1428=EDGE_CURVE('',#1136,#1047,#584,.T.);
#1429=EDGE_CURVE('',#1133,#1136,#585,.T.);
#1430=EDGE_CURVE('',#1137,#1111,#586,.T.);
#1431=EDGE_CURVE('',#1138,#1137,#587,.T.);
#1432=EDGE_CURVE('',#1112,#1138,#588,.T.);
#1433=EDGE_CURVE('',#1139,#1138,#589,.T.);
#1434=EDGE_CURVE('',#1110,#1139,#590,.T.);
#1435=EDGE_CURVE('',#1140,#1139,#591,.T.);
#1436=EDGE_CURVE('',#1109,#1140,#592,.T.);
#1437=EDGE_CURVE('',#1137,#1140,#593,.T.);
#1438=EDGE_CURVE('',#1115,#1141,#594,.T.);
#1439=EDGE_CURVE('',#1142,#1141,#595,.T.);
#1440=EDGE_CURVE('',#1116,#1142,#596,.T.);
#1441=EDGE_CURVE('',#1113,#1143,#597,.T.);
#1442=EDGE_CURVE('',#1143,#1142,#598,.T.);
#1443=EDGE_CURVE('',#1144,#1143,#599,.T.);
#1444=EDGE_CURVE('',#1144,#1114,#600,.T.);
#1445=EDGE_CURVE('',#1141,#1144,#601,.T.);
#1446=EDGE_CURVE('',#1145,#1017,#602,.T.);
#1447=EDGE_CURVE('',#1146,#1145,#603,.T.);
#1448=EDGE_CURVE('',#1146,#1018,#604,.T.);
#1449=EDGE_CURVE('',#1147,#1146,#605,.T.);
#1450=EDGE_CURVE('',#1147,#1019,#606,.T.);
#1451=EDGE_CURVE('',#1147,#1148,#607,.T.);
#1452=EDGE_CURVE('',#1148,#1020,#608,.T.);
#1453=EDGE_CURVE('',#1149,#1148,#609,.F.);
#1454=EDGE_CURVE('',#1149,#1021,#610,.F.);
#1455=EDGE_CURVE('',#1150,#1149,#611,.T.);
#1456=EDGE_CURVE('',#1150,#1016,#612,.T.);
#1457=EDGE_CURVE('',#1150,#1145,#613,.T.);
#1458=EDGE_CURVE('',#1151,#1013,#614,.T.);
#1459=EDGE_CURVE('',#1152,#1151,#615,.T.);
#1460=EDGE_CURVE('',#1152,#1014,#616,.T.);
#1461=EDGE_CURVE('',#1153,#1152,#617,.T.);
#1462=EDGE_CURVE('',#1153,#1015,#618,.T.);
#1463=EDGE_CURVE('',#1153,#1154,#619,.T.);
#1464=EDGE_CURVE('',#1154,#1012,#620,.T.);
#1465=EDGE_CURVE('',#1154,#1151,#621,.T.);
#1466=EDGE_CURVE('',#1155,#1035,#622,.T.);
#1467=EDGE_CURVE('',#1155,#1156,#623,.T.);
#1468=EDGE_CURVE('',#1156,#1036,#624,.T.);
#1469=EDGE_CURVE('',#1157,#1156,#625,.T.);
#1470=EDGE_CURVE('',#1157,#1037,#626,.T.);
#1471=EDGE_CURVE('',#1158,#1157,#627,.T.);
#1472=EDGE_CURVE('',#1158,#1034,#628,.T.);
#1473=EDGE_CURVE('',#1158,#1155,#629,.T.);
#1474=EDGE_CURVE('',#1159,#1026,#630,.T.);
#1475=EDGE_CURVE('',#1159,#1160,#631,.T.);
#1476=EDGE_CURVE('',#1160,#1027,#632,.T.);
#1477=EDGE_CURVE('',#1161,#1160,#633,.T.);
#1478=EDGE_CURVE('',#1161,#1028,#634,.T.);
#1479=EDGE_CURVE('',#1162,#1161,#635,.T.);
#1480=EDGE_CURVE('',#1162,#1029,#636,.T.);
#1481=EDGE_CURVE('',#1162,#1159,#637,.T.);
#1482=EDGE_CURVE('',#1163,#1164,#638,.T.);
#1483=EDGE_CURVE('',#1165,#1163,#639,.T.);
#1484=EDGE_CURVE('',#1166,#1165,#640,.T.);
#1485=EDGE_CURVE('',#1164,#1166,#641,.T.);
#1486=EDGE_CURVE('',#1065,#1167,#642,.T.);
#1487=EDGE_CURVE('',#1168,#1167,#643,.F.);
#1488=EDGE_CURVE('',#1168,#1066,#644,.T.);
#1489=EDGE_CURVE('',#1064,#1169,#645,.T.);
#1490=EDGE_CURVE('',#1167,#1169,#646,.F.);
#1491=EDGE_CURVE('',#973,#1169,#647,.T.);
#1492=EDGE_CURVE('',#967,#1063,#648,.T.);
#1493=EDGE_CURVE('',#1062,#968,#649,.T.);
#1494=EDGE_CURVE('',#969,#1061,#650,.T.);
#1495=EDGE_CURVE('',#1060,#970,#651,.T.);
#1496=EDGE_CURVE('',#1071,#972,#652,.T.);
#1497=EDGE_CURVE('',#1070,#1166,#653,.F.);
#1498=EDGE_CURVE('',#1168,#1165,#654,.T.);
#1499=EDGE_CURVE('',#1069,#1164,#655,.T.);
#1500=EDGE_CURVE('',#1068,#1163,#656,.F.);
#1501=ORIENTED_EDGE('',*,*,#1170,.F.);
#1502=ORIENTED_EDGE('',*,*,#1171,.T.);
#1503=ORIENTED_EDGE('',*,*,#1172,.T.);
#1504=ORIENTED_EDGE('',*,*,#1173,.T.);
#1505=ORIENTED_EDGE('',*,*,#1174,.T.);
#1506=ORIENTED_EDGE('',*,*,#1175,.T.);
#1507=ORIENTED_EDGE('',*,*,#1176,.T.);
#1508=ORIENTED_EDGE('',*,*,#1171,.F.);
#1509=ORIENTED_EDGE('',*,*,#1174,.F.);
#1510=ORIENTED_EDGE('',*,*,#1177,.F.);
#1511=ORIENTED_EDGE('',*,*,#1178,.F.);
#1512=ORIENTED_EDGE('',*,*,#1179,.F.);
#1513=ORIENTED_EDGE('',*,*,#1180,.F.);
#1514=ORIENTED_EDGE('',*,*,#1181,.F.);
#1515=ORIENTED_EDGE('',*,*,#1182,.F.);
#1516=ORIENTED_EDGE('',*,*,#1183,.F.);
#1517=ORIENTED_EDGE('',*,*,#1184,.T.);
#1518=ORIENTED_EDGE('',*,*,#1185,.F.);
#1519=ORIENTED_EDGE('',*,*,#1186,.T.);
#1520=ORIENTED_EDGE('',*,*,#1187,.F.);
#1521=ORIENTED_EDGE('',*,*,#1188,.T.);
#1522=ORIENTED_EDGE('',*,*,#1189,.F.);
#1523=ORIENTED_EDGE('',*,*,#1190,.T.);
#1524=ORIENTED_EDGE('',*,*,#1191,.T.);
#1525=ORIENTED_EDGE('',*,*,#1192,.T.);
#1526=ORIENTED_EDGE('',*,*,#1193,.T.);
#1527=ORIENTED_EDGE('',*,*,#1194,.T.);
#1528=ORIENTED_EDGE('',*,*,#1195,.T.);
#1529=ORIENTED_EDGE('',*,*,#1196,.F.);
#1530=ORIENTED_EDGE('',*,*,#1197,.T.);
#1531=ORIENTED_EDGE('',*,*,#1198,.T.);
#1532=ORIENTED_EDGE('',*,*,#1199,.F.);
#1533=ORIENTED_EDGE('',*,*,#1200,.T.);
#1534=ORIENTED_EDGE('',*,*,#1201,.F.);
#1535=ORIENTED_EDGE('',*,*,#1202,.F.);
#1536=ORIENTED_EDGE('',*,*,#1194,.F.);
#1537=ORIENTED_EDGE('',*,*,#1198,.F.);
#1538=ORIENTED_EDGE('',*,*,#1203,.F.);
#1539=ORIENTED_EDGE('',*,*,#1204,.F.);
#1540=ORIENTED_EDGE('',*,*,#1205,.T.);
#1541=ORIENTED_EDGE('',*,*,#1206,.F.);
#1542=ORIENTED_EDGE('',*,*,#1207,.F.);
#1543=ORIENTED_EDGE('',*,*,#1208,.F.);
#1544=ORIENTED_EDGE('',*,*,#1209,.F.);
#1545=ORIENTED_EDGE('',*,*,#1200,.F.);
#1546=ORIENTED_EDGE('',*,*,#1209,.T.);
#1547=ORIENTED_EDGE('',*,*,#1210,.F.);
#1548=ORIENTED_EDGE('',*,*,#1211,.T.);
#1549=ORIENTED_EDGE('',*,*,#1201,.T.);
#1550=ORIENTED_EDGE('',*,*,#1205,.F.);
#1551=ORIENTED_EDGE('',*,*,#1212,.F.);
#1552=ORIENTED_EDGE('',*,*,#1213,.F.);
#1553=ORIENTED_EDGE('',*,*,#1173,.F.);
#1554=ORIENTED_EDGE('',*,*,#1212,.T.);
#1555=ORIENTED_EDGE('',*,*,#1204,.T.);
#1556=ORIENTED_EDGE('',*,*,#1214,.F.);
#1557=ORIENTED_EDGE('',*,*,#1215,.F.);
#1558=ORIENTED_EDGE('',*,*,#1213,.T.);
#1559=ORIENTED_EDGE('',*,*,#1215,.T.);
#1560=ORIENTED_EDGE('',*,*,#1216,.T.);
#1561=ORIENTED_EDGE('',*,*,#1217,.T.);
#1562=ORIENTED_EDGE('',*,*,#1218,.F.);
#1563=ORIENTED_EDGE('',*,*,#1177,.T.);
#1564=ORIENTED_EDGE('',*,*,#1170,.T.);
#1565=ORIENTED_EDGE('',*,*,#1197,.F.);
#1566=ORIENTED_EDGE('',*,*,#1219,.F.);
#1567=ORIENTED_EDGE('',*,*,#1220,.F.);
#1568=ORIENTED_EDGE('',*,*,#1216,.F.);
#1569=ORIENTED_EDGE('',*,*,#1214,.T.);
#1570=ORIENTED_EDGE('',*,*,#1203,.T.);
#1571=ORIENTED_EDGE('',*,*,#1221,.F.);
#1572=ORIENTED_EDGE('',*,*,#1222,.T.);
#1573=ORIENTED_EDGE('',*,*,#1223,.F.);
#1574=ORIENTED_EDGE('',*,*,#1195,.F.);
#1575=ORIENTED_EDGE('',*,*,#1202,.T.);
#1576=ORIENTED_EDGE('',*,*,#1211,.F.);
#1577=ORIENTED_EDGE('',*,*,#1196,.T.);
#1578=ORIENTED_EDGE('',*,*,#1223,.T.);
#1579=ORIENTED_EDGE('',*,*,#1224,.T.);
#1580=ORIENTED_EDGE('',*,*,#1219,.T.);
#1581=ORIENTED_EDGE('',*,*,#1225,.F.);
#1582=ORIENTED_EDGE('',*,*,#1226,.T.);
#1583=ORIENTED_EDGE('',*,*,#1221,.T.);
#1584=ORIENTED_EDGE('',*,*,#1210,.T.);
#1585=ORIENTED_EDGE('',*,*,#1208,.T.);
#1586=ORIENTED_EDGE('',*,*,#1227,.F.);
#1587=ORIENTED_EDGE('',*,*,#1228,.F.);
#1588=ORIENTED_EDGE('',*,*,#1229,.T.);
#1589=ORIENTED_EDGE('',*,*,#1230,.F.);
#1590=ORIENTED_EDGE('',*,*,#1231,.T.);
#1591=ORIENTED_EDGE('',*,*,#1232,.T.);
#1592=ORIENTED_EDGE('',*,*,#1233,.T.);
#1593=ORIENTED_EDGE('',*,*,#1234,.T.);
#1594=ORIENTED_EDGE('',*,*,#1235,.T.);
#1595=ORIENTED_EDGE('',*,*,#1230,.T.);
#1596=ORIENTED_EDGE('',*,*,#1236,.T.);
#1597=ORIENTED_EDGE('',*,*,#1234,.F.);
#1598=ORIENTED_EDGE('',*,*,#1237,.T.);
#1599=ORIENTED_EDGE('',*,*,#1238,.T.);
#1600=ORIENTED_EDGE('',*,*,#1231,.F.);
#1601=ORIENTED_EDGE('',*,*,#1239,.T.);
#1602=ORIENTED_EDGE('',*,*,#1225,.T.);
#1603=ORIENTED_EDGE('',*,*,#1237,.F.);
#1604=ORIENTED_EDGE('',*,*,#1240,.F.);
#1605=ORIENTED_EDGE('',*,*,#1217,.F.);
#1606=ORIENTED_EDGE('',*,*,#1220,.T.);
#1607=ORIENTED_EDGE('',*,*,#1224,.F.);
#1608=ORIENTED_EDGE('',*,*,#1222,.F.);
#1609=ORIENTED_EDGE('',*,*,#1226,.F.);
#1610=ORIENTED_EDGE('',*,*,#1239,.F.);
#1611=ORIENTED_EDGE('',*,*,#1241,.F.);
#1612=ORIENTED_EDGE('',*,*,#1218,.T.);
#1613=ORIENTED_EDGE('',*,*,#1240,.T.);
#1614=ORIENTED_EDGE('',*,*,#1233,.F.);
#1615=ORIENTED_EDGE('',*,*,#1242,.T.);
#1616=ORIENTED_EDGE('',*,*,#1227,.T.);
#1617=ORIENTED_EDGE('',*,*,#1207,.T.);
#1618=ORIENTED_EDGE('',*,*,#1199,.T.);
#1619=ORIENTED_EDGE('',*,*,#1243,.T.);
#1620=ORIENTED_EDGE('',*,*,#1244,.T.);
#1621=ORIENTED_EDGE('',*,*,#1245,.T.);
#1622=ORIENTED_EDGE('',*,*,#1185,.T.);
#1623=ORIENTED_EDGE('',*,*,#1181,.T.);
#1624=ORIENTED_EDGE('',*,*,#1246,.T.);
#1625=ORIENTED_EDGE('',*,*,#1247,.T.);
#1626=ORIENTED_EDGE('',*,*,#1248,.T.);
#1627=ORIENTED_EDGE('',*,*,#1182,.T.);
#1628=ORIENTED_EDGE('',*,*,#1249,.T.);
#1629=ORIENTED_EDGE('',*,*,#1250,.T.);
#1630=ORIENTED_EDGE('',*,*,#1247,.F.);
#1631=ORIENTED_EDGE('',*,*,#1251,.T.);
#1632=ORIENTED_EDGE('',*,*,#1250,.F.);
#1633=ORIENTED_EDGE('',*,*,#1252,.F.);
#1634=ORIENTED_EDGE('',*,*,#1228,.T.);
#1635=ORIENTED_EDGE('',*,*,#1253,.F.);
#1636=ORIENTED_EDGE('',*,*,#1252,.T.);
#1637=ORIENTED_EDGE('',*,*,#1249,.F.);
#1638=ORIENTED_EDGE('',*,*,#1254,.T.);
#1639=ORIENTED_EDGE('',*,*,#1255,.F.);
#1640=ORIENTED_EDGE('',*,*,#1256,.T.);
#1641=ORIENTED_EDGE('',*,*,#1235,.F.);
#1642=ORIENTED_EDGE('',*,*,#1236,.F.);
#1643=ORIENTED_EDGE('',*,*,#1229,.F.);
#1644=ORIENTED_EDGE('',*,*,#1257,.T.);
#1645=ORIENTED_EDGE('',*,*,#1258,.F.);
#1646=ORIENTED_EDGE('',*,*,#1259,.F.);
#1647=ORIENTED_EDGE('',*,*,#1260,.T.);
#1648=ORIENTED_EDGE('',*,*,#1261,.T.);
#1649=ORIENTED_EDGE('',*,*,#1262,.F.);
#1650=ORIENTED_EDGE('',*,*,#1263,.F.);
#1651=ORIENTED_EDGE('',*,*,#1264,.T.);
#1652=ORIENTED_EDGE('',*,*,#1265,.F.);
#1653=ORIENTED_EDGE('',*,*,#1266,.F.);
#1654=ORIENTED_EDGE('',*,*,#1267,.T.);
#1655=ORIENTED_EDGE('',*,*,#1268,.T.);
#1656=ORIENTED_EDGE('',*,*,#1269,.T.);
#1657=ORIENTED_EDGE('',*,*,#1270,.T.);
#1658=ORIENTED_EDGE('',*,*,#1271,.T.);
#1659=ORIENTED_EDGE('',*,*,#1272,.F.);
#1660=ORIENTED_EDGE('',*,*,#1273,.F.);
#1661=ORIENTED_EDGE('',*,*,#1274,.T.);
#1662=ORIENTED_EDGE('',*,*,#1275,.T.);
#1663=ORIENTED_EDGE('',*,*,#1276,.T.);
#1664=ORIENTED_EDGE('',*,*,#1277,.F.);
#1665=ORIENTED_EDGE('',*,*,#1278,.F.);
#1666=ORIENTED_EDGE('',*,*,#1279,.T.);
#1667=ORIENTED_EDGE('',*,*,#1280,.T.);
#1668=ORIENTED_EDGE('',*,*,#1281,.F.);
#1669=ORIENTED_EDGE('',*,*,#1282,.F.);
#1670=ORIENTED_EDGE('',*,*,#1283,.T.);
#1671=ORIENTED_EDGE('',*,*,#1284,.T.);
#1672=ORIENTED_EDGE('',*,*,#1285,.F.);
#1673=ORIENTED_EDGE('',*,*,#1286,.F.);
#1674=ORIENTED_EDGE('',*,*,#1287,.F.);
#1675=ORIENTED_EDGE('',*,*,#1288,.T.);
#1676=ORIENTED_EDGE('',*,*,#1289,.T.);
#1677=ORIENTED_EDGE('',*,*,#1290,.F.);
#1678=ORIENTED_EDGE('',*,*,#1291,.F.);
#1679=ORIENTED_EDGE('',*,*,#1292,.T.);
#1680=ORIENTED_EDGE('',*,*,#1293,.T.);
#1681=ORIENTED_EDGE('',*,*,#1294,.F.);
#1682=ORIENTED_EDGE('',*,*,#1295,.F.);
#1683=ORIENTED_EDGE('',*,*,#1296,.T.);
#1684=ORIENTED_EDGE('',*,*,#1297,.T.);
#1685=ORIENTED_EDGE('',*,*,#1298,.F.);
#1686=ORIENTED_EDGE('',*,*,#1299,.T.);
#1687=ORIENTED_EDGE('',*,*,#1300,.T.);
#1688=ORIENTED_EDGE('',*,*,#1301,.T.);
#1689=ORIENTED_EDGE('',*,*,#1302,.T.);
#1690=ORIENTED_EDGE('',*,*,#1251,.F.);
#1691=ORIENTED_EDGE('',*,*,#1303,.F.);
#1692=ORIENTED_EDGE('',*,*,#1304,.F.);
#1693=ORIENTED_EDGE('',*,*,#1254,.F.);
#1694=ORIENTED_EDGE('',*,*,#1246,.F.);
#1695=ORIENTED_EDGE('',*,*,#1180,.T.);
#1696=ORIENTED_EDGE('',*,*,#1305,.F.);
#1697=ORIENTED_EDGE('',*,*,#1303,.T.);
#1698=ORIENTED_EDGE('',*,*,#1248,.F.);
#1699=ORIENTED_EDGE('',*,*,#1253,.T.);
#1700=ORIENTED_EDGE('',*,*,#1238,.F.);
#1701=ORIENTED_EDGE('',*,*,#1242,.F.);
#1702=ORIENTED_EDGE('',*,*,#1184,.F.);
#1703=ORIENTED_EDGE('',*,*,#1183,.T.);
#1704=ORIENTED_EDGE('',*,*,#1306,.F.);
#1705=ORIENTED_EDGE('',*,*,#1206,.T.);
#1706=ORIENTED_EDGE('',*,*,#1172,.F.);
#1707=ORIENTED_EDGE('',*,*,#1176,.F.);
#1708=ORIENTED_EDGE('',*,*,#1307,.T.);
#1709=ORIENTED_EDGE('',*,*,#1308,.F.);
#1710=ORIENTED_EDGE('',*,*,#1309,.T.);
#1711=ORIENTED_EDGE('',*,*,#1310,.F.);
#1712=ORIENTED_EDGE('',*,*,#1311,.T.);
#1713=ORIENTED_EDGE('',*,*,#1244,.F.);
#1714=ORIENTED_EDGE('',*,*,#1312,.F.);
#1715=ORIENTED_EDGE('',*,*,#1313,.F.);
#1716=ORIENTED_EDGE('',*,*,#1314,.F.);
#1717=ORIENTED_EDGE('',*,*,#1315,.F.);
#1718=ORIENTED_EDGE('',*,*,#1316,.F.);
#1719=ORIENTED_EDGE('',*,*,#1316,.T.);
#1720=ORIENTED_EDGE('',*,*,#1317,.F.);
#1721=ORIENTED_EDGE('',*,*,#1318,.F.);
#1722=ORIENTED_EDGE('',*,*,#1319,.F.);
#1723=ORIENTED_EDGE('',*,*,#1320,.F.);
#1724=ORIENTED_EDGE('',*,*,#1321,.F.);
#1725=ORIENTED_EDGE('',*,*,#1322,.F.);
#1726=ORIENTED_EDGE('',*,*,#1323,.F.);
#1727=ORIENTED_EDGE('',*,*,#1324,.F.);
#1728=ORIENTED_EDGE('',*,*,#1325,.F.);
#1729=ORIENTED_EDGE('',*,*,#1326,.T.);
#1730=ORIENTED_EDGE('',*,*,#1327,.F.);
#1731=ORIENTED_EDGE('',*,*,#1328,.T.);
#1732=ORIENTED_EDGE('',*,*,#1329,.F.);
#1733=ORIENTED_EDGE('',*,*,#1330,.T.);
#1734=ORIENTED_EDGE('',*,*,#1331,.F.);
#1735=ORIENTED_EDGE('',*,*,#1332,.T.);
#1736=ORIENTED_EDGE('',*,*,#1333,.F.);
#1737=ORIENTED_EDGE('',*,*,#1334,.T.);
#1738=ORIENTED_EDGE('',*,*,#1335,.T.);
#1739=ORIENTED_EDGE('',*,*,#1336,.T.);
#1740=ORIENTED_EDGE('',*,*,#1337,.T.);
#1741=ORIENTED_EDGE('',*,*,#1338,.T.);
#1742=ORIENTED_EDGE('',*,*,#1339,.T.);
#1743=ORIENTED_EDGE('',*,*,#1340,.T.);
#1744=ORIENTED_EDGE('',*,*,#1341,.T.);
#1745=ORIENTED_EDGE('',*,*,#1342,.T.);
#1746=ORIENTED_EDGE('',*,*,#1343,.T.);
#1747=ORIENTED_EDGE('',*,*,#1344,.T.);
#1748=ORIENTED_EDGE('',*,*,#1345,.T.);
#1749=ORIENTED_EDGE('',*,*,#1324,.T.);
#1750=ORIENTED_EDGE('',*,*,#1323,.T.);
#1751=ORIENTED_EDGE('',*,*,#1322,.T.);
#1752=ORIENTED_EDGE('',*,*,#1325,.T.);
#1753=ORIENTED_EDGE('',*,*,#1346,.T.);
#1754=ORIENTED_EDGE('',*,*,#1347,.T.);
#1755=ORIENTED_EDGE('',*,*,#1339,.F.);
#1756=ORIENTED_EDGE('',*,*,#1348,.F.);
#1757=ORIENTED_EDGE('',*,*,#1349,.T.);
#1758=ORIENTED_EDGE('',*,*,#1350,.T.);
#1759=ORIENTED_EDGE('',*,*,#1340,.F.);
#1760=ORIENTED_EDGE('',*,*,#1347,.F.);
#1761=ORIENTED_EDGE('',*,*,#1351,.T.);
#1762=ORIENTED_EDGE('',*,*,#1352,.T.);
#1763=ORIENTED_EDGE('',*,*,#1341,.F.);
#1764=ORIENTED_EDGE('',*,*,#1350,.F.);
#1765=ORIENTED_EDGE('',*,*,#1353,.T.);
#1766=ORIENTED_EDGE('',*,*,#1348,.T.);
#1767=ORIENTED_EDGE('',*,*,#1338,.F.);
#1768=ORIENTED_EDGE('',*,*,#1352,.F.);
#1769=ORIENTED_EDGE('',*,*,#1354,.F.);
#1770=ORIENTED_EDGE('',*,*,#1326,.F.);
#1771=ORIENTED_EDGE('',*,*,#1355,.F.);
#1772=ORIENTED_EDGE('',*,*,#1356,.T.);
#1773=ORIENTED_EDGE('',*,*,#1357,.T.);
#1774=ORIENTED_EDGE('',*,*,#1358,.T.);
#1775=ORIENTED_EDGE('',*,*,#1327,.T.);
#1776=ORIENTED_EDGE('',*,*,#1354,.T.);
#1777=ORIENTED_EDGE('',*,*,#1358,.F.);
#1778=ORIENTED_EDGE('',*,*,#1359,.T.);
#1779=ORIENTED_EDGE('',*,*,#1360,.F.);
#1780=ORIENTED_EDGE('',*,*,#1328,.F.);
#1781=ORIENTED_EDGE('',*,*,#1361,.T.);
#1782=ORIENTED_EDGE('',*,*,#1362,.T.);
#1783=ORIENTED_EDGE('',*,*,#1329,.T.);
#1784=ORIENTED_EDGE('',*,*,#1360,.T.);
#1785=ORIENTED_EDGE('',*,*,#1363,.F.);
#1786=ORIENTED_EDGE('',*,*,#1330,.F.);
#1787=ORIENTED_EDGE('',*,*,#1362,.F.);
#1788=ORIENTED_EDGE('',*,*,#1364,.T.);
#1789=ORIENTED_EDGE('',*,*,#1365,.T.);
#1790=ORIENTED_EDGE('',*,*,#1366,.T.);
#1791=ORIENTED_EDGE('',*,*,#1331,.T.);
#1792=ORIENTED_EDGE('',*,*,#1363,.T.);
#1793=ORIENTED_EDGE('',*,*,#1367,.F.);
#1794=ORIENTED_EDGE('',*,*,#1332,.F.);
#1795=ORIENTED_EDGE('',*,*,#1366,.F.);
#1796=ORIENTED_EDGE('',*,*,#1368,.T.);
#1797=ORIENTED_EDGE('',*,*,#1369,.T.);
#1798=ORIENTED_EDGE('',*,*,#1355,.T.);
#1799=ORIENTED_EDGE('',*,*,#1333,.T.);
#1800=ORIENTED_EDGE('',*,*,#1367,.T.);
#1801=ORIENTED_EDGE('',*,*,#1179,.T.);
#1802=ORIENTED_EDGE('',*,*,#1370,.T.);
#1803=ORIENTED_EDGE('',*,*,#1371,.T.);
#1804=ORIENTED_EDGE('',*,*,#1305,.T.);
#1805=ORIENTED_EDGE('',*,*,#1302,.F.);
#1806=ORIENTED_EDGE('',*,*,#1372,.T.);
#1807=ORIENTED_EDGE('',*,*,#1334,.F.);
#1808=ORIENTED_EDGE('',*,*,#1373,.F.);
#1809=ORIENTED_EDGE('',*,*,#1301,.F.);
#1810=ORIENTED_EDGE('',*,*,#1374,.T.);
#1811=ORIENTED_EDGE('',*,*,#1335,.F.);
#1812=ORIENTED_EDGE('',*,*,#1372,.F.);
#1813=ORIENTED_EDGE('',*,*,#1300,.F.);
#1814=ORIENTED_EDGE('',*,*,#1375,.T.);
#1815=ORIENTED_EDGE('',*,*,#1336,.F.);
#1816=ORIENTED_EDGE('',*,*,#1374,.F.);
#1817=ORIENTED_EDGE('',*,*,#1299,.F.);
#1818=ORIENTED_EDGE('',*,*,#1373,.T.);
#1819=ORIENTED_EDGE('',*,*,#1337,.F.);
#1820=ORIENTED_EDGE('',*,*,#1375,.F.);
#1821=ORIENTED_EDGE('',*,*,#1304,.T.);
#1822=ORIENTED_EDGE('',*,*,#1371,.F.);
#1823=ORIENTED_EDGE('',*,*,#1376,.T.);
#1824=ORIENTED_EDGE('',*,*,#1255,.T.);
#1825=ORIENTED_EDGE('',*,*,#1377,.T.);
#1826=ORIENTED_EDGE('',*,*,#1343,.F.);
#1827=ORIENTED_EDGE('',*,*,#1378,.F.);
#1828=ORIENTED_EDGE('',*,*,#1270,.F.);
#1829=ORIENTED_EDGE('',*,*,#1379,.T.);
#1830=ORIENTED_EDGE('',*,*,#1344,.F.);
#1831=ORIENTED_EDGE('',*,*,#1377,.F.);
#1832=ORIENTED_EDGE('',*,*,#1269,.F.);
#1833=ORIENTED_EDGE('',*,*,#1380,.T.);
#1834=ORIENTED_EDGE('',*,*,#1345,.F.);
#1835=ORIENTED_EDGE('',*,*,#1379,.F.);
#1836=ORIENTED_EDGE('',*,*,#1268,.F.);
#1837=ORIENTED_EDGE('',*,*,#1267,.F.);
#1838=ORIENTED_EDGE('',*,*,#1378,.T.);
#1839=ORIENTED_EDGE('',*,*,#1342,.F.);
#1840=ORIENTED_EDGE('',*,*,#1380,.F.);
#1841=ORIENTED_EDGE('',*,*,#1381,.F.);
#1842=ORIENTED_EDGE('',*,*,#1382,.F.);
#1843=ORIENTED_EDGE('',*,*,#1383,.F.);
#1844=ORIENTED_EDGE('',*,*,#1384,.F.);
#1845=ORIENTED_EDGE('',*,*,#1353,.F.);
#1846=ORIENTED_EDGE('',*,*,#1351,.F.);
#1847=ORIENTED_EDGE('',*,*,#1349,.F.);
#1848=ORIENTED_EDGE('',*,*,#1346,.F.);
#1849=ORIENTED_EDGE('',*,*,#1385,.T.);
#1850=ORIENTED_EDGE('',*,*,#1386,.T.);
#1851=ORIENTED_EDGE('',*,*,#1387,.F.);
#1852=ORIENTED_EDGE('',*,*,#1388,.F.);
#1853=ORIENTED_EDGE('',*,*,#1369,.F.);
#1854=ORIENTED_EDGE('',*,*,#1368,.F.);
#1855=ORIENTED_EDGE('',*,*,#1365,.F.);
#1856=ORIENTED_EDGE('',*,*,#1364,.F.);
#1857=ORIENTED_EDGE('',*,*,#1361,.F.);
#1858=ORIENTED_EDGE('',*,*,#1359,.F.);
#1859=ORIENTED_EDGE('',*,*,#1357,.F.);
#1860=ORIENTED_EDGE('',*,*,#1356,.F.);
#1861=ORIENTED_EDGE('',*,*,#1241,.T.);
#1862=ORIENTED_EDGE('',*,*,#1389,.T.);
#1863=ORIENTED_EDGE('',*,*,#1370,.F.);
#1864=ORIENTED_EDGE('',*,*,#1178,.T.);
#1865=ORIENTED_EDGE('',*,*,#1256,.F.);
#1866=ORIENTED_EDGE('',*,*,#1376,.F.);
#1867=ORIENTED_EDGE('',*,*,#1389,.F.);
#1868=ORIENTED_EDGE('',*,*,#1232,.F.);
#1869=ORIENTED_EDGE('',*,*,#1296,.F.);
#1870=ORIENTED_EDGE('',*,*,#1390,.F.);
#1871=ORIENTED_EDGE('',*,*,#1391,.T.);
#1872=ORIENTED_EDGE('',*,*,#1392,.T.);
#1873=ORIENTED_EDGE('',*,*,#1297,.F.);
#1874=ORIENTED_EDGE('',*,*,#1392,.F.);
#1875=ORIENTED_EDGE('',*,*,#1393,.T.);
#1876=ORIENTED_EDGE('',*,*,#1394,.T.);
#1877=ORIENTED_EDGE('',*,*,#1395,.F.);
#1878=ORIENTED_EDGE('',*,*,#1396,.T.);
#1879=ORIENTED_EDGE('',*,*,#1298,.T.);
#1880=ORIENTED_EDGE('',*,*,#1394,.F.);
#1881=ORIENTED_EDGE('',*,*,#1397,.F.);
#1882=ORIENTED_EDGE('',*,*,#1390,.T.);
#1883=ORIENTED_EDGE('',*,*,#1295,.T.);
#1884=ORIENTED_EDGE('',*,*,#1396,.F.);
#1885=ORIENTED_EDGE('',*,*,#1288,.F.);
#1886=ORIENTED_EDGE('',*,*,#1398,.F.);
#1887=ORIENTED_EDGE('',*,*,#1399,.T.);
#1888=ORIENTED_EDGE('',*,*,#1400,.T.);
#1889=ORIENTED_EDGE('',*,*,#1289,.F.);
#1890=ORIENTED_EDGE('',*,*,#1400,.F.);
#1891=ORIENTED_EDGE('',*,*,#1401,.T.);
#1892=ORIENTED_EDGE('',*,*,#1402,.T.);
#1893=ORIENTED_EDGE('',*,*,#1290,.T.);
#1894=ORIENTED_EDGE('',*,*,#1402,.F.);
#1895=ORIENTED_EDGE('',*,*,#1403,.F.);
#1896=ORIENTED_EDGE('',*,*,#1404,.T.);
#1897=ORIENTED_EDGE('',*,*,#1405,.F.);
#1898=ORIENTED_EDGE('',*,*,#1398,.T.);
#1899=ORIENTED_EDGE('',*,*,#1287,.T.);
#1900=ORIENTED_EDGE('',*,*,#1404,.F.);
#1901=ORIENTED_EDGE('',*,*,#1284,.F.);
#1902=ORIENTED_EDGE('',*,*,#1406,.F.);
#1903=ORIENTED_EDGE('',*,*,#1407,.T.);
#1904=ORIENTED_EDGE('',*,*,#1408,.T.);
#1905=ORIENTED_EDGE('',*,*,#1285,.T.);
#1906=ORIENTED_EDGE('',*,*,#1408,.F.);
#1907=ORIENTED_EDGE('',*,*,#1409,.F.);
#1908=ORIENTED_EDGE('',*,*,#1410,.T.);
#1909=ORIENTED_EDGE('',*,*,#1286,.T.);
#1910=ORIENTED_EDGE('',*,*,#1410,.F.);
#1911=ORIENTED_EDGE('',*,*,#1411,.F.);
#1912=ORIENTED_EDGE('',*,*,#1412,.T.);
#1913=ORIENTED_EDGE('',*,*,#1413,.T.);
#1914=ORIENTED_EDGE('',*,*,#1406,.T.);
#1915=ORIENTED_EDGE('',*,*,#1283,.F.);
#1916=ORIENTED_EDGE('',*,*,#1412,.F.);
#1917=ORIENTED_EDGE('',*,*,#1276,.F.);
#1918=ORIENTED_EDGE('',*,*,#1414,.F.);
#1919=ORIENTED_EDGE('',*,*,#1415,.T.);
#1920=ORIENTED_EDGE('',*,*,#1416,.T.);
#1921=ORIENTED_EDGE('',*,*,#1277,.T.);
#1922=ORIENTED_EDGE('',*,*,#1416,.F.);
#1923=ORIENTED_EDGE('',*,*,#1417,.F.);
#1924=ORIENTED_EDGE('',*,*,#1418,.T.);
#1925=ORIENTED_EDGE('',*,*,#1278,.T.);
#1926=ORIENTED_EDGE('',*,*,#1418,.F.);
#1927=ORIENTED_EDGE('',*,*,#1419,.F.);
#1928=ORIENTED_EDGE('',*,*,#1420,.T.);
#1929=ORIENTED_EDGE('',*,*,#1275,.F.);
#1930=ORIENTED_EDGE('',*,*,#1420,.F.);
#1931=ORIENTED_EDGE('',*,*,#1421,.T.);
#1932=ORIENTED_EDGE('',*,*,#1414,.T.);
#1933=ORIENTED_EDGE('',*,*,#1292,.F.);
#1934=ORIENTED_EDGE('',*,*,#1422,.F.);
#1935=ORIENTED_EDGE('',*,*,#1423,.T.);
#1936=ORIENTED_EDGE('',*,*,#1424,.T.);
#1937=ORIENTED_EDGE('',*,*,#1293,.F.);
#1938=ORIENTED_EDGE('',*,*,#1424,.F.);
#1939=ORIENTED_EDGE('',*,*,#1425,.T.);
#1940=ORIENTED_EDGE('',*,*,#1426,.T.);
#1941=ORIENTED_EDGE('',*,*,#1427,.F.);
#1942=ORIENTED_EDGE('',*,*,#1428,.T.);
#1943=ORIENTED_EDGE('',*,*,#1294,.T.);
#1944=ORIENTED_EDGE('',*,*,#1426,.F.);
#1945=ORIENTED_EDGE('',*,*,#1291,.T.);
#1946=ORIENTED_EDGE('',*,*,#1428,.F.);
#1947=ORIENTED_EDGE('',*,*,#1429,.F.);
#1948=ORIENTED_EDGE('',*,*,#1422,.T.);
#1949=ORIENTED_EDGE('',*,*,#1383,.T.);
#1950=ORIENTED_EDGE('',*,*,#1430,.F.);
#1951=ORIENTED_EDGE('',*,*,#1431,.F.);
#1952=ORIENTED_EDGE('',*,*,#1432,.F.);
#1953=ORIENTED_EDGE('',*,*,#1384,.T.);
#1954=ORIENTED_EDGE('',*,*,#1432,.T.);
#1955=ORIENTED_EDGE('',*,*,#1433,.F.);
#1956=ORIENTED_EDGE('',*,*,#1434,.F.);
#1957=ORIENTED_EDGE('',*,*,#1381,.T.);
#1958=ORIENTED_EDGE('',*,*,#1434,.T.);
#1959=ORIENTED_EDGE('',*,*,#1435,.F.);
#1960=ORIENTED_EDGE('',*,*,#1436,.F.);
#1961=ORIENTED_EDGE('',*,*,#1382,.T.);
#1962=ORIENTED_EDGE('',*,*,#1436,.T.);
#1963=ORIENTED_EDGE('',*,*,#1437,.F.);
#1964=ORIENTED_EDGE('',*,*,#1430,.T.);
#1965=ORIENTED_EDGE('',*,*,#1387,.T.);
#1966=ORIENTED_EDGE('',*,*,#1438,.T.);
#1967=ORIENTED_EDGE('',*,*,#1439,.F.);
#1968=ORIENTED_EDGE('',*,*,#1440,.F.);
#1969=ORIENTED_EDGE('',*,*,#1441,.F.);
#1970=ORIENTED_EDGE('',*,*,#1388,.T.);
#1971=ORIENTED_EDGE('',*,*,#1440,.T.);
#1972=ORIENTED_EDGE('',*,*,#1442,.F.);
#1973=ORIENTED_EDGE('',*,*,#1385,.F.);
#1974=ORIENTED_EDGE('',*,*,#1441,.T.);
#1975=ORIENTED_EDGE('',*,*,#1443,.F.);
#1976=ORIENTED_EDGE('',*,*,#1444,.T.);
#1977=ORIENTED_EDGE('',*,*,#1386,.F.);
#1978=ORIENTED_EDGE('',*,*,#1444,.F.);
#1979=ORIENTED_EDGE('',*,*,#1445,.F.);
#1980=ORIENTED_EDGE('',*,*,#1438,.F.);
#1981=ORIENTED_EDGE('',*,*,#1262,.T.);
#1982=ORIENTED_EDGE('',*,*,#1446,.F.);
#1983=ORIENTED_EDGE('',*,*,#1447,.F.);
#1984=ORIENTED_EDGE('',*,*,#1448,.T.);
#1985=ORIENTED_EDGE('',*,*,#1449,.F.);
#1986=ORIENTED_EDGE('',*,*,#1450,.T.);
#1987=ORIENTED_EDGE('',*,*,#1263,.T.);
#1988=ORIENTED_EDGE('',*,*,#1448,.F.);
#1989=ORIENTED_EDGE('',*,*,#1264,.F.);
#1990=ORIENTED_EDGE('',*,*,#1450,.F.);
#1991=ORIENTED_EDGE('',*,*,#1451,.T.);
#1992=ORIENTED_EDGE('',*,*,#1452,.T.);
#1993=ORIENTED_EDGE('',*,*,#1265,.T.);
#1994=ORIENTED_EDGE('',*,*,#1452,.F.);
#1995=ORIENTED_EDGE('',*,*,#1453,.F.);
#1996=ORIENTED_EDGE('',*,*,#1454,.T.);
#1997=ORIENTED_EDGE('',*,*,#1266,.T.);
#1998=ORIENTED_EDGE('',*,*,#1454,.F.);
#1999=ORIENTED_EDGE('',*,*,#1455,.F.);
#2000=ORIENTED_EDGE('',*,*,#1456,.T.);
#2001=ORIENTED_EDGE('',*,*,#1261,.F.);
#2002=ORIENTED_EDGE('',*,*,#1456,.F.);
#2003=ORIENTED_EDGE('',*,*,#1457,.T.);
#2004=ORIENTED_EDGE('',*,*,#1446,.T.);
#2005=ORIENTED_EDGE('',*,*,#1258,.T.);
#2006=ORIENTED_EDGE('',*,*,#1458,.F.);
#2007=ORIENTED_EDGE('',*,*,#1459,.F.);
#2008=ORIENTED_EDGE('',*,*,#1460,.T.);
#2009=ORIENTED_EDGE('',*,*,#1259,.T.);
#2010=ORIENTED_EDGE('',*,*,#1460,.F.);
#2011=ORIENTED_EDGE('',*,*,#1461,.F.);
#2012=ORIENTED_EDGE('',*,*,#1462,.T.);
#2013=ORIENTED_EDGE('',*,*,#1260,.F.);
#2014=ORIENTED_EDGE('',*,*,#1462,.F.);
#2015=ORIENTED_EDGE('',*,*,#1463,.T.);
#2016=ORIENTED_EDGE('',*,*,#1464,.T.);
#2017=ORIENTED_EDGE('',*,*,#1257,.F.);
#2018=ORIENTED_EDGE('',*,*,#1464,.F.);
#2019=ORIENTED_EDGE('',*,*,#1465,.T.);
#2020=ORIENTED_EDGE('',*,*,#1458,.T.);
#2021=ORIENTED_EDGE('',*,*,#1280,.F.);
#2022=ORIENTED_EDGE('',*,*,#1466,.F.);
#2023=ORIENTED_EDGE('',*,*,#1467,.T.);
#2024=ORIENTED_EDGE('',*,*,#1468,.T.);
#2025=ORIENTED_EDGE('',*,*,#1281,.T.);
#2026=ORIENTED_EDGE('',*,*,#1468,.F.);
#2027=ORIENTED_EDGE('',*,*,#1469,.F.);
#2028=ORIENTED_EDGE('',*,*,#1470,.T.);
#2029=ORIENTED_EDGE('',*,*,#1282,.T.);
#2030=ORIENTED_EDGE('',*,*,#1470,.F.);
#2031=ORIENTED_EDGE('',*,*,#1471,.F.);
#2032=ORIENTED_EDGE('',*,*,#1472,.T.);
#2033=ORIENTED_EDGE('',*,*,#1279,.F.);
#2034=ORIENTED_EDGE('',*,*,#1472,.F.);
#2035=ORIENTED_EDGE('',*,*,#1473,.T.);
#2036=ORIENTED_EDGE('',*,*,#1466,.T.);
#2037=ORIENTED_EDGE('',*,*,#1271,.F.);
#2038=ORIENTED_EDGE('',*,*,#1474,.F.);
#2039=ORIENTED_EDGE('',*,*,#1475,.T.);
#2040=ORIENTED_EDGE('',*,*,#1476,.T.);
#2041=ORIENTED_EDGE('',*,*,#1272,.T.);
#2042=ORIENTED_EDGE('',*,*,#1476,.F.);
#2043=ORIENTED_EDGE('',*,*,#1477,.F.);
#2044=ORIENTED_EDGE('',*,*,#1478,.T.);
#2045=ORIENTED_EDGE('',*,*,#1479,.F.);
#2046=ORIENTED_EDGE('',*,*,#1480,.T.);
#2047=ORIENTED_EDGE('',*,*,#1273,.T.);
#2048=ORIENTED_EDGE('',*,*,#1478,.F.);
#2049=ORIENTED_EDGE('',*,*,#1274,.F.);
#2050=ORIENTED_EDGE('',*,*,#1480,.F.);
#2051=ORIENTED_EDGE('',*,*,#1481,.T.);
#2052=ORIENTED_EDGE('',*,*,#1474,.T.);
#2053=ORIENTED_EDGE('',*,*,#1482,.F.);
#2054=ORIENTED_EDGE('',*,*,#1483,.F.);
#2055=ORIENTED_EDGE('',*,*,#1484,.F.);
#2056=ORIENTED_EDGE('',*,*,#1485,.F.);
#2057=ORIENTED_EDGE('',*,*,#1314,.T.);
#2058=ORIENTED_EDGE('',*,*,#1486,.T.);
#2059=ORIENTED_EDGE('',*,*,#1487,.F.);
#2060=ORIENTED_EDGE('',*,*,#1488,.T.);
#2061=ORIENTED_EDGE('',*,*,#1313,.T.);
#2062=ORIENTED_EDGE('',*,*,#1489,.T.);
#2063=ORIENTED_EDGE('',*,*,#1490,.F.);
#2064=ORIENTED_EDGE('',*,*,#1486,.F.);
#2065=ORIENTED_EDGE('',*,*,#1312,.T.);
#2066=ORIENTED_EDGE('',*,*,#1243,.F.);
#2067=ORIENTED_EDGE('',*,*,#1193,.F.);
#2068=ORIENTED_EDGE('',*,*,#1491,.T.);
#2069=ORIENTED_EDGE('',*,*,#1489,.F.);
#2070=ORIENTED_EDGE('',*,*,#1245,.F.);
#2071=ORIENTED_EDGE('',*,*,#1311,.F.);
#2072=ORIENTED_EDGE('',*,*,#1492,.F.);
#2073=ORIENTED_EDGE('',*,*,#1186,.F.);
#2074=ORIENTED_EDGE('',*,*,#1493,.T.);
#2075=ORIENTED_EDGE('',*,*,#1187,.T.);
#2076=ORIENTED_EDGE('',*,*,#1492,.T.);
#2077=ORIENTED_EDGE('',*,*,#1310,.T.);
#2078=ORIENTED_EDGE('',*,*,#1309,.F.);
#2079=ORIENTED_EDGE('',*,*,#1494,.F.);
#2080=ORIENTED_EDGE('',*,*,#1188,.F.);
#2081=ORIENTED_EDGE('',*,*,#1493,.F.);
#2082=ORIENTED_EDGE('',*,*,#1494,.T.);
#2083=ORIENTED_EDGE('',*,*,#1308,.T.);
#2084=ORIENTED_EDGE('',*,*,#1495,.T.);
#2085=ORIENTED_EDGE('',*,*,#1189,.T.);
#2086=ORIENTED_EDGE('',*,*,#1307,.F.);
#2087=ORIENTED_EDGE('',*,*,#1175,.F.);
#2088=ORIENTED_EDGE('',*,*,#1190,.F.);
#2089=ORIENTED_EDGE('',*,*,#1495,.F.);
#2090=ORIENTED_EDGE('',*,*,#1306,.T.);
#2091=ORIENTED_EDGE('',*,*,#1321,.T.);
#2092=ORIENTED_EDGE('',*,*,#1496,.T.);
#2093=ORIENTED_EDGE('',*,*,#1191,.F.);
#2094=ORIENTED_EDGE('',*,*,#1320,.T.);
#2095=ORIENTED_EDGE('',*,*,#1497,.T.);
#2096=ORIENTED_EDGE('',*,*,#1484,.T.);
#2097=ORIENTED_EDGE('',*,*,#1498,.F.);
#2098=ORIENTED_EDGE('',*,*,#1487,.T.);
#2099=ORIENTED_EDGE('',*,*,#1490,.T.);
#2100=ORIENTED_EDGE('',*,*,#1491,.F.);
#2101=ORIENTED_EDGE('',*,*,#1192,.F.);
#2102=ORIENTED_EDGE('',*,*,#1496,.F.);
#2103=ORIENTED_EDGE('',*,*,#1481,.F.);
#2104=ORIENTED_EDGE('',*,*,#1479,.T.);
#2105=ORIENTED_EDGE('',*,*,#1477,.T.);
#2106=ORIENTED_EDGE('',*,*,#1475,.F.);
#2107=ORIENTED_EDGE('',*,*,#1473,.F.);
#2108=ORIENTED_EDGE('',*,*,#1471,.T.);
#2109=ORIENTED_EDGE('',*,*,#1469,.T.);
#2110=ORIENTED_EDGE('',*,*,#1467,.F.);
#2111=ORIENTED_EDGE('',*,*,#1465,.F.);
#2112=ORIENTED_EDGE('',*,*,#1463,.F.);
#2113=ORIENTED_EDGE('',*,*,#1461,.T.);
#2114=ORIENTED_EDGE('',*,*,#1459,.T.);
#2115=ORIENTED_EDGE('',*,*,#1457,.F.);
#2116=ORIENTED_EDGE('',*,*,#1455,.T.);
#2117=ORIENTED_EDGE('',*,*,#1453,.T.);
#2118=ORIENTED_EDGE('',*,*,#1451,.F.);
#2119=ORIENTED_EDGE('',*,*,#1449,.T.);
#2120=ORIENTED_EDGE('',*,*,#1447,.T.);
#2121=ORIENTED_EDGE('',*,*,#1445,.T.);
#2122=ORIENTED_EDGE('',*,*,#1443,.T.);
#2123=ORIENTED_EDGE('',*,*,#1442,.T.);
#2124=ORIENTED_EDGE('',*,*,#1439,.T.);
#2125=ORIENTED_EDGE('',*,*,#1437,.T.);
#2126=ORIENTED_EDGE('',*,*,#1435,.T.);
#2127=ORIENTED_EDGE('',*,*,#1433,.T.);
#2128=ORIENTED_EDGE('',*,*,#1431,.T.);
#2129=ORIENTED_EDGE('',*,*,#1429,.T.);
#2130=ORIENTED_EDGE('',*,*,#1427,.T.);
#2131=ORIENTED_EDGE('',*,*,#1425,.F.);
#2132=ORIENTED_EDGE('',*,*,#1423,.F.);
#2133=ORIENTED_EDGE('',*,*,#1421,.F.);
#2134=ORIENTED_EDGE('',*,*,#1419,.T.);
#2135=ORIENTED_EDGE('',*,*,#1417,.T.);
#2136=ORIENTED_EDGE('',*,*,#1415,.F.);
#2137=ORIENTED_EDGE('',*,*,#1413,.F.);
#2138=ORIENTED_EDGE('',*,*,#1411,.T.);
#2139=ORIENTED_EDGE('',*,*,#1409,.T.);
#2140=ORIENTED_EDGE('',*,*,#1407,.F.);
#2141=ORIENTED_EDGE('',*,*,#1405,.T.);
#2142=ORIENTED_EDGE('',*,*,#1403,.T.);
#2143=ORIENTED_EDGE('',*,*,#1401,.F.);
#2144=ORIENTED_EDGE('',*,*,#1399,.F.);
#2145=ORIENTED_EDGE('',*,*,#1397,.T.);
#2146=ORIENTED_EDGE('',*,*,#1395,.T.);
#2147=ORIENTED_EDGE('',*,*,#1393,.F.);
#2148=ORIENTED_EDGE('',*,*,#1391,.F.);
#2149=ORIENTED_EDGE('',*,*,#1319,.T.);
#2150=ORIENTED_EDGE('',*,*,#1499,.T.);
#2151=ORIENTED_EDGE('',*,*,#1485,.T.);
#2152=ORIENTED_EDGE('',*,*,#1497,.F.);
#2153=ORIENTED_EDGE('',*,*,#1482,.T.);
#2154=ORIENTED_EDGE('',*,*,#1499,.F.);
#2155=ORIENTED_EDGE('',*,*,#1318,.T.);
#2156=ORIENTED_EDGE('',*,*,#1500,.T.);
#2157=ORIENTED_EDGE('',*,*,#1315,.T.);
#2158=ORIENTED_EDGE('',*,*,#1488,.F.);
#2159=ORIENTED_EDGE('',*,*,#1498,.T.);
#2160=ORIENTED_EDGE('',*,*,#1483,.T.);
#2161=ORIENTED_EDGE('',*,*,#1500,.F.);
#2162=ORIENTED_EDGE('',*,*,#1317,.T.);
#2163=PLANE('',#2400);
#2164=PLANE('',#2401);
#2165=PLANE('',#2402);
#2166=PLANE('',#2410);
#2167=PLANE('',#2411);
#2168=PLANE('',#2413);
#2169=PLANE('',#2417);
#2170=PLANE('',#2420);
#2171=PLANE('',#2421);
#2172=PLANE('',#2423);
#2173=PLANE('',#2424);
#2174=PLANE('',#2425);
#2175=PLANE('',#2426);
#2176=PLANE('',#2434);
#2177=PLANE('',#2436);
#2178=PLANE('',#2438);
#2179=PLANE('',#2440);
#2180=PLANE('',#2441);
#2181=PLANE('',#2442);
#2182=PLANE('',#2443);
#2183=PLANE('',#2444);
#2184=PLANE('',#2445);
#2185=PLANE('',#2449);
#2186=PLANE('',#2450);
#2187=PLANE('',#2455);
#2188=PLANE('',#2456);
#2189=PLANE('',#2457);
#2190=PLANE('',#2458);
#2191=PLANE('',#2459);
#2192=PLANE('',#2460);
#2193=PLANE('',#2461);
#2194=PLANE('',#2464);
#2195=PLANE('',#2467);
#2196=PLANE('',#2470);
#2197=PLANE('',#2474);
#2198=PLANE('',#2475);
#2199=PLANE('',#2476);
#2200=PLANE('',#2477);
#2201=PLANE('',#2478);
#2202=PLANE('',#2479);
#2203=PLANE('',#2480);
#2204=PLANE('',#2481);
#2205=PLANE('',#2482);
#2206=PLANE('',#2483);
#2207=PLANE('',#2484);
#2208=PLANE('',#2485);
#2209=PLANE('',#2486);
#2210=PLANE('',#2487);
#2211=PLANE('',#2488);
#2212=PLANE('',#2489);
#2213=PLANE('',#2490);
#2214=PLANE('',#2491);
#2215=PLANE('',#2492);
#2216=PLANE('',#2493);
#2217=PLANE('',#2494);
#2218=PLANE('',#2495);
#2219=PLANE('',#2496);
#2220=PLANE('',#2497);
#2221=PLANE('',#2498);
#2222=PLANE('',#2499);
#2223=PLANE('',#2500);
#2224=PLANE('',#2501);
#2225=PLANE('',#2502);
#2226=PLANE('',#2503);
#2227=PLANE('',#2504);
#2228=PLANE('',#2505);
#2229=PLANE('',#2506);
#2230=PLANE('',#2507);
#2231=PLANE('',#2508);
#2232=PLANE('',#2509);
#2233=PLANE('',#2510);
#2234=PLANE('',#2511);
#2235=PLANE('',#2512);
#2236=PLANE('',#2513);
#2237=PLANE('',#2514);
#2238=PLANE('',#2515);
#2239=PLANE('',#2516);
#2240=PLANE('',#2517);
#2241=PLANE('',#2518);
#2242=PLANE('',#2519);
#2243=PLANE('',#2520);
#2244=PLANE('',#2521);
#2245=PLANE('',#2522);
#2246=PLANE('',#2523);
#2247=PLANE('',#2524);
#2248=PLANE('',#2525);
#2249=PLANE('',#2526);
#2250=PLANE('',#2527);
#2251=PLANE('',#2528);
#2252=PLANE('',#2529);
#2253=PLANE('',#2530);
#2254=PLANE('',#2531);
#2255=PLANE('',#2532);
#2256=PLANE('',#2533);
#2257=PLANE('',#2534);
#2258=PLANE('',#2535);
#2259=PLANE('',#2537);
#2260=PLANE('',#2539);
#2261=PLANE('',#2541);
#2262=PLANE('',#2542);
#2263=PLANE('',#2543);
#2264=PLANE('',#2544);
#2265=PLANE('',#2545);
#2266=ADVANCED_FACE('',(#95),#2163,.T.);
#2267=ADVANCED_FACE('',(#96),#2164,.F.);
#2268=ADVANCED_FACE('',(#97),#2165,.F.);
#2269=ADVANCED_FACE('',(#98),#2166,.T.);
#2270=ADVANCED_FACE('',(#99),#2167,.F.);
#2271=ADVANCED_FACE('',(#100),#2168,.F.);
#2272=ADVANCED_FACE('',(#101),#54,.F.);
#2273=ADVANCED_FACE('',(#102),#2169,.F.);
#2274=ADVANCED_FACE('',(#103),#55,.F.);
#2275=ADVANCED_FACE('',(#104),#2170,.F.);
#2276=ADVANCED_FACE('',(#105),#2171,.F.);
#2277=ADVANCED_FACE('',(#106),#2172,.T.);
#2278=ADVANCED_FACE('',(#107),#2173,.T.);
#2279=ADVANCED_FACE('',(#108),#2174,.T.);
#2280=ADVANCED_FACE('',(#109),#2175,.F.);
#2281=ADVANCED_FACE('',(#110),#52,.T.);
#2282=ADVANCED_FACE('',(#111),#53,.T.);
#2283=ADVANCED_FACE('',(#112),#2176,.T.);
#2284=ADVANCED_FACE('',(#113),#56,.T.);
#2285=ADVANCED_FACE('',(#114),#2177,.T.);
#2286=ADVANCED_FACE('',(#115),#57,.T.);
#2287=ADVANCED_FACE('',(#116),#2178,.T.);
#2288=ADVANCED_FACE('',(#117),#58,.T.);
#2289=ADVANCED_FACE('',(#118),#42,.T.);
#2290=ADVANCED_FACE('',(#119),#2179,.F.);
#2291=ADVANCED_FACE('',(#120,#15,#16,#17,#18,#19,#20,#21,#22,#23,#24,#25),
#2180,.F.);
#2292=ADVANCED_FACE('',(#121),#2181,.T.);
#2293=ADVANCED_FACE('',(#122),#2182,.T.);
#2294=ADVANCED_FACE('',(#123),#2183,.F.);
#2295=ADVANCED_FACE('',(#124),#2184,.F.);
#2296=ADVANCED_FACE('',(#125),#2185,.T.);
#2297=ADVANCED_FACE('',(#126,#26),#2186,.T.);
#2298=ADVANCED_FACE('',(#127,#27),#2187,.T.);
#2299=ADVANCED_FACE('',(#128,#28),#2188,.T.);
#2300=ADVANCED_FACE('',(#129),#2189,.T.);
#2301=ADVANCED_FACE('',(#130),#2190,.T.);
#2302=ADVANCED_FACE('',(#131),#2191,.T.);
#2303=ADVANCED_FACE('',(#132),#2192,.T.);
#2304=ADVANCED_FACE('',(#133),#2193,.T.);
#2305=ADVANCED_FACE('',(#134),#59,.F.);
#2306=ADVANCED_FACE('',(#135),#2194,.T.);
#2307=ADVANCED_FACE('',(#136),#60,.F.);
#2308=ADVANCED_FACE('',(#137),#2195,.T.);
#2309=ADVANCED_FACE('',(#138),#61,.F.);
#2310=ADVANCED_FACE('',(#139),#2196,.T.);
#2311=ADVANCED_FACE('',(#140),#62,.F.);
#2312=ADVANCED_FACE('',(#141),#63,.T.);
#2313=ADVANCED_FACE('',(#142),#2197,.T.);
#2314=ADVANCED_FACE('',(#143),#2198,.T.);
#2315=ADVANCED_FACE('',(#144),#2199,.T.);
#2316=ADVANCED_FACE('',(#145),#2200,.T.);
#2317=ADVANCED_FACE('',(#146),#43,.T.);
#2318=ADVANCED_FACE('',(#147),#2201,.T.);
#2319=ADVANCED_FACE('',(#148),#2202,.T.);
#2320=ADVANCED_FACE('',(#149),#2203,.T.);
#2321=ADVANCED_FACE('',(#150),#2204,.T.);
#2322=ADVANCED_FACE('',(#151,#29),#2205,.F.);
#2323=ADVANCED_FACE('',(#152,#30),#2206,.F.);
#2324=ADVANCED_FACE('',(#153),#2207,.T.);
#2325=ADVANCED_FACE('',(#154),#2208,.T.);
#2326=ADVANCED_FACE('',(#155),#2209,.T.);
#2327=ADVANCED_FACE('',(#156),#2210,.T.);
#2328=ADVANCED_FACE('',(#157),#2211,.F.);
#2329=ADVANCED_FACE('',(#158),#2212,.F.);
#2330=ADVANCED_FACE('',(#159),#2213,.T.);
#2331=ADVANCED_FACE('',(#160),#2214,.T.);
#2332=ADVANCED_FACE('',(#161),#2215,.F.);
#2333=ADVANCED_FACE('',(#162),#2216,.F.);
#2334=ADVANCED_FACE('',(#163),#2217,.T.);
#2335=ADVANCED_FACE('',(#164),#2218,.F.);
#2336=ADVANCED_FACE('',(#165),#2219,.F.);
#2337=ADVANCED_FACE('',(#166),#2220,.T.);
#2338=ADVANCED_FACE('',(#167),#2221,.T.);
#2339=ADVANCED_FACE('',(#168),#2222,.F.);
#2340=ADVANCED_FACE('',(#169),#2223,.F.);
#2341=ADVANCED_FACE('',(#170),#2224,.T.);
#2342=ADVANCED_FACE('',(#171),#2225,.T.);
#2343=ADVANCED_FACE('',(#172),#2226,.T.);
#2344=ADVANCED_FACE('',(#173),#2227,.F.);
#2345=ADVANCED_FACE('',(#174),#2228,.F.);
#2346=ADVANCED_FACE('',(#175),#2229,.F.);
#2347=ADVANCED_FACE('',(#176),#2230,.F.);
#2348=ADVANCED_FACE('',(#177),#2231,.F.);
#2349=ADVANCED_FACE('',(#178),#2232,.F.);
#2350=ADVANCED_FACE('',(#179),#2233,.F.);
#2351=ADVANCED_FACE('',(#180),#2234,.F.);
#2352=ADVANCED_FACE('',(#181),#2235,.F.);
#2353=ADVANCED_FACE('',(#182),#2236,.F.);
#2354=ADVANCED_FACE('',(#183),#2237,.F.);
#2355=ADVANCED_FACE('',(#184),#2238,.F.);
#2356=ADVANCED_FACE('',(#185),#2239,.T.);
#2357=ADVANCED_FACE('',(#186),#2240,.T.);
#2358=ADVANCED_FACE('',(#187),#2241,.F.);
#2359=ADVANCED_FACE('',(#188),#2242,.T.);
#2360=ADVANCED_FACE('',(#189),#2243,.F.);
#2361=ADVANCED_FACE('',(#190),#2244,.F.);
#2362=ADVANCED_FACE('',(#191),#2245,.T.);
#2363=ADVANCED_FACE('',(#192),#2246,.T.);
#2364=ADVANCED_FACE('',(#193),#2247,.T.);
#2365=ADVANCED_FACE('',(#194),#2248,.F.);
#2366=ADVANCED_FACE('',(#195),#2249,.F.);
#2367=ADVANCED_FACE('',(#196),#2250,.T.);
#2368=ADVANCED_FACE('',(#197),#2251,.T.);
#2369=ADVANCED_FACE('',(#198),#2252,.F.);
#2370=ADVANCED_FACE('',(#199),#2253,.F.);
#2371=ADVANCED_FACE('',(#200),#2254,.T.);
#2372=ADVANCED_FACE('',(#201),#2255,.T.);
#2373=ADVANCED_FACE('',(#202),#2256,.F.);
#2374=ADVANCED_FACE('',(#203),#2257,.F.);
#2375=ADVANCED_FACE('',(#204),#2258,.F.);
#2376=ADVANCED_FACE('',(#205),#64,.F.);
#2377=ADVANCED_FACE('',(#206),#2259,.F.);
#2378=ADVANCED_FACE('',(#207),#65,.F.);
#2379=ADVANCED_FACE('',(#208),#2260,.F.);
#2380=ADVANCED_FACE('',(#209),#66,.F.);
#2381=ADVANCED_FACE('',(#210),#2261,.F.);
#2382=ADVANCED_FACE('',(#211,#31,#32,#33,#34,#35,#36,#37,#38,#39,#40,#41),
#2262,.T.);
#2383=ADVANCED_FACE('',(#212),#2263,.F.);
#2384=ADVANCED_FACE('',(#213),#2264,.T.);
#2385=ADVANCED_FACE('',(#214),#2265,.F.);
#2386=CLOSED_SHELL('',(#2266,#2267,#2268,#2269,#2270,#2271,#2272,#2273,
#2274,#2275,#2276,#2277,#2278,#2279,#2280,#2281,#2282,#2283,#2284,#2285,
#2286,#2287,#2288,#2289,#2290,#2291,#2292,#2293,#2294,#2295,#2296,#2297,
#2298,#2299,#2300,#2301,#2302,#2303,#2304,#2305,#2306,#2307,#2308,#2309,
#2310,#2311,#2312,#2313,#2314,#2315,#2316,#2317,#2318,#2319,#2320,#2321,
#2322,#2323,#2324,#2325,#2326,#2327,#2328,#2329,#2330,#2331,#2332,#2333,
#2334,#2335,#2336,#2337,#2338,#2339,#2340,#2341,#2342,#2343,#2344,#2345,
#2346,#2347,#2348,#2349,#2350,#2351,#2352,#2353,#2354,#2355,#2356,#2357,
#2358,#2359,#2360,#2361,#2362,#2363,#2364,#2365,#2366,#2367,#2368,#2369,
#2370,#2371,#2372,#2373,#2374,#2375,#2376,#2377,#2378,#2379,#2380,#2381,
#2382,#2383,#2384,#2385));
#2387=DERIVED_UNIT_ELEMENT(#2389,1.);
#2388=DERIVED_UNIT_ELEMENT(#3924,-3.);
#2389=(
MASS_UNIT()
NAMED_UNIT(*)
SI_UNIT(.KILO.,.GRAM.)
);
#2390=DERIVED_UNIT((#2387,#2388));
#2391=MEASURE_REPRESENTATION_ITEM('density measure',
POSITIVE_RATIO_MEASURE(7850.),#2390);
#2392=PROPERTY_DEFINITION_REPRESENTATION(#2397,#2394);
#2393=PROPERTY_DEFINITION_REPRESENTATION(#2398,#2395);
#2394=REPRESENTATION('material name',(#2396),#3921);
#2395=REPRESENTATION('density',(#2391),#3921);
#2396=DESCRIPTIVE_REPRESENTATION_ITEM('Steel','Steel');
#2397=PROPERTY_DEFINITION('material property','material name',#3931);
#2398=PROPERTY_DEFINITION('material property','density of part',#3931);
#2399=AXIS2_PLACEMENT_3D('',#3135,#2546,#2547);
#2400=AXIS2_PLACEMENT_3D('',#3136,#2548,#2549);
#2401=AXIS2_PLACEMENT_3D('',#3145,#2554,#2555);
#2402=AXIS2_PLACEMENT_3D('',#3151,#2559,#2560);
#2403=AXIS2_PLACEMENT_3D('',#3157,#2563,#2564);
#2404=AXIS2_PLACEMENT_3D('',#3161,#2566,#2567);
#2405=AXIS2_PLACEMENT_3D('',#3163,#2568,#2569);
#2406=AXIS2_PLACEMENT_3D('',#3167,#2571,#2572);
#2407=AXIS2_PLACEMENT_3D('',#3171,#2574,#2575);
#2408=AXIS2_PLACEMENT_3D('',#3175,#2577,#2578);
#2409=AXIS2_PLACEMENT_3D('',#3178,#2580,#2581);
#2410=AXIS2_PLACEMENT_3D('',#3179,#2582,#2583);
#2411=AXIS2_PLACEMENT_3D('',#3196,#2592,#2593);
#2412=AXIS2_PLACEMENT_3D('',#3200,#2595,#2596);
#2413=AXIS2_PLACEMENT_3D('',#3204,#2599,#2600);
#2414=AXIS2_PLACEMENT_3D('',#3209,#2603,#2604);
#2415=AXIS2_PLACEMENT_3D('',#3211,#2606,#2607);
#2416=AXIS2_PLACEMENT_3D('',#3215,#2609,#2610);
#2417=AXIS2_PLACEMENT_3D('',#3217,#2612,#2613);
#2418=AXIS2_PLACEMENT_3D('',#3221,#2616,#2617);
#2419=AXIS2_PLACEMENT_3D('',#3224,#2619,#2620);
#2420=AXIS2_PLACEMENT_3D('',#3225,#2621,#2622);
#2421=AXIS2_PLACEMENT_3D('',#3229,#2625,#2626);
#2422=AXIS2_PLACEMENT_3D('',#3234,#2629,#2630);
#2423=AXIS2_PLACEMENT_3D('',#3235,#2631,#2632);
#2424=AXIS2_PLACEMENT_3D('',#3239,#2635,#2636);
#2425=AXIS2_PLACEMENT_3D('',#3245,#2640,#2641);
#2426=AXIS2_PLACEMENT_3D('',#3247,#2643,#2644);
#2427=AXIS2_PLACEMENT_3D('',#3250,#2645,#2646);
#2428=AXIS2_PLACEMENT_3D('',#3253,#2649,#2650);
#2429=AXIS2_PLACEMENT_3D('',#3258,#2652,#2653);
#2430=AXIS2_PLACEMENT_3D('',#3261,#2655,#2656);
#2431=AXIS2_PLACEMENT_3D('',#3262,#2657,#2658);
#2432=AXIS2_PLACEMENT_3D('',#3267,#2660,#2661);
#2433=AXIS2_PLACEMENT_3D('',#3270,#2663,#2664);
#2434=AXIS2_PLACEMENT_3D('',#3271,#2665,#2666);
#2435=AXIS2_PLACEMENT_3D('',#3274,#2669,#2670);
#2436=AXIS2_PLACEMENT_3D('',#3277,#2673,#2674);
#2437=AXIS2_PLACEMENT_3D('',#3279,#2676,#2677);
#2438=AXIS2_PLACEMENT_3D('',#3281,#2679,#2680);
#2439=AXIS2_PLACEMENT_3D('',#3288,#2685,#2686);
#2440=AXIS2_PLACEMENT_3D('',#3357,#2689,#2690);
#2441=AXIS2_PLACEMENT_3D('',#3360,#2693,#2694);
#2442=AXIS2_PLACEMENT_3D('',#3470,#2743,#2744);
#2443=AXIS2_PLACEMENT_3D('',#3477,#2746,#2747);
#2444=AXIS2_PLACEMENT_3D('',#3479,#2749,#2750);
#2445=AXIS2_PLACEMENT_3D('',#3480,#2751,#2752);
#2446=AXIS2_PLACEMENT_3D('',#3484,#2754,#2755);
#2447=AXIS2_PLACEMENT_3D('',#3488,#2757,#2758);
#2448=AXIS2_PLACEMENT_3D('',#3491,#2760,#2761);
#2449=AXIS2_PLACEMENT_3D('',#3501,#2767,#2768);
#2450=AXIS2_PLACEMENT_3D('',#3511,#2774,#2775);
#2451=AXIS2_PLACEMENT_3D('',#3524,#2781,#2782);
#2452=AXIS2_PLACEMENT_3D('',#3528,#2784,#2785);
#2453=AXIS2_PLACEMENT_3D('',#3532,#2787,#2788);
#2454=AXIS2_PLACEMENT_3D('',#3535,#2790,#2791);
#2455=AXIS2_PLACEMENT_3D('',#3536,#2792,#2793);
#2456=AXIS2_PLACEMENT_3D('',#3553,#2802,#2803);
#2457=AXIS2_PLACEMENT_3D('',#3562,#2808,#2809);
#2458=AXIS2_PLACEMENT_3D('',#3568,#2813,#2814);
#2459=AXIS2_PLACEMENT_3D('',#3572,#2817,#2818);
#2460=AXIS2_PLACEMENT_3D('',#3576,#2821,#2822);
#2461=AXIS2_PLACEMENT_3D('',#3578,#2824,#2825);
#2462=AXIS2_PLACEMENT_3D('',#3584,#2829,#2830);
#2463=AXIS2_PLACEMENT_3D('',#3586,#2831,#2832);
#2464=AXIS2_PLACEMENT_3D('',#3588,#2834,#2835);
#2465=AXIS2_PLACEMENT_3D('',#3592,#2838,#2839);
#2466=AXIS2_PLACEMENT_3D('',#3594,#2840,#2841);
#2467=AXIS2_PLACEMENT_3D('',#3596,#2843,#2844);
#2468=AXIS2_PLACEMENT_3D('',#3600,#2847,#2848);
#2469=AXIS2_PLACEMENT_3D('',#3602,#2849,#2850);
#2470=AXIS2_PLACEMENT_3D('',#3604,#2852,#2853);
#2471=AXIS2_PLACEMENT_3D('',#3608,#2856,#2857);
#2472=AXIS2_PLACEMENT_3D('',#3609,#2858,#2859);
#2473=AXIS2_PLACEMENT_3D('',#3610,#2860,#2861);
#2474=AXIS2_PLACEMENT_3D('',#3626,#2863,#2864);
#2475=AXIS2_PLACEMENT_3D('',#3629,#2867,#2868);
#2476=AXIS2_PLACEMENT_3D('',#3631,#2870,#2871);
#2477=AXIS2_PLACEMENT_3D('',#3633,#2873,#2874);
#2478=AXIS2_PLACEMENT_3D('',#3666,#2875,#2876);
#2479=AXIS2_PLACEMENT_3D('',#3669,#2879,#2880);
#2480=AXIS2_PLACEMENT_3D('',#3671,#2882,#2883);
#2481=AXIS2_PLACEMENT_3D('',#3673,#2885,#2886);
#2482=AXIS2_PLACEMENT_3D('',#3674,#2887,#2888);
#2483=AXIS2_PLACEMENT_3D('',#3683,#2893,#2894);
#2484=AXIS2_PLACEMENT_3D('',#3692,#2899,#2900);
#2485=AXIS2_PLACEMENT_3D('',#3694,#2902,#2903);
#2486=AXIS2_PLACEMENT_3D('',#3695,#2904,#2905);
#2487=AXIS2_PLACEMENT_3D('',#3701,#2909,#2910);
#2488=AXIS2_PLACEMENT_3D('',#3705,#2913,#2914);
#2489=AXIS2_PLACEMENT_3D('',#3709,#2917,#2918);
#2490=AXIS2_PLACEMENT_3D('',#3711,#2920,#2921);
#2491=AXIS2_PLACEMENT_3D('',#3717,#2925,#2926);
#2492=AXIS2_PLACEMENT_3D('',#3721,#2929,#2930);
#2493=AXIS2_PLACEMENT_3D('',#3725,#2933,#2934);
#2494=AXIS2_PLACEMENT_3D('',#3727,#2936,#2937);
#2495=AXIS2_PLACEMENT_3D('',#3733,#2941,#2942);
#2496=AXIS2_PLACEMENT_3D('',#3737,#2945,#2946);
#2497=AXIS2_PLACEMENT_3D('',#3741,#2949,#2950);
#2498=AXIS2_PLACEMENT_3D('',#3743,#2952,#2953);
#2499=AXIS2_PLACEMENT_3D('',#3749,#2957,#2958);
#2500=AXIS2_PLACEMENT_3D('',#3753,#2961,#2962);
#2501=AXIS2_PLACEMENT_3D('',#3757,#2965,#2966);
#2502=AXIS2_PLACEMENT_3D('',#3759,#2968,#2969);
#2503=AXIS2_PLACEMENT_3D('',#3765,#2973,#2974);
#2504=AXIS2_PLACEMENT_3D('',#3769,#2977,#2978);
#2505=AXIS2_PLACEMENT_3D('',#3773,#2981,#2982);
#2506=AXIS2_PLACEMENT_3D('',#3775,#2984,#2985);
#2507=AXIS2_PLACEMENT_3D('',#3781,#2989,#2990);
#2508=AXIS2_PLACEMENT_3D('',#3785,#2993,#2994);
#2509=AXIS2_PLACEMENT_3D('',#3789,#2997,#2998);
#2510=AXIS2_PLACEMENT_3D('',#3791,#3000,#3001);
#2511=AXIS2_PLACEMENT_3D('',#3797,#3005,#3006);
#2512=AXIS2_PLACEMENT_3D('',#3801,#3009,#3010);
#2513=AXIS2_PLACEMENT_3D('',#3805,#3013,#3014);
#2514=AXIS2_PLACEMENT_3D('',#3807,#3016,#3017);
#2515=AXIS2_PLACEMENT_3D('',#3813,#3021,#3022);
#2516=AXIS2_PLACEMENT_3D('',#3817,#3025,#3026);
#2517=AXIS2_PLACEMENT_3D('',#3821,#3029,#3030);
#2518=AXIS2_PLACEMENT_3D('',#3825,#3033,#3034);
#2519=AXIS2_PLACEMENT_3D('',#3829,#3037,#3038);
#2520=AXIS2_PLACEMENT_3D('',#3831,#3040,#3041);
#2521=AXIS2_PLACEMENT_3D('',#3837,#3045,#3046);
#2522=AXIS2_PLACEMENT_3D('',#3841,#3049,#3050);
#2523=AXIS2_PLACEMENT_3D('',#3845,#3053,#3054);
#2524=AXIS2_PLACEMENT_3D('',#3847,#3056,#3057);
#2525=AXIS2_PLACEMENT_3D('',#3853,#3061,#3062);
#2526=AXIS2_PLACEMENT_3D('',#3857,#3065,#3066);
#2527=AXIS2_PLACEMENT_3D('',#3861,#3069,#3070);
#2528=AXIS2_PLACEMENT_3D('',#3863,#3072,#3073);
#2529=AXIS2_PLACEMENT_3D('',#3869,#3077,#3078);
#2530=AXIS2_PLACEMENT_3D('',#3873,#3081,#3082);
#2531=AXIS2_PLACEMENT_3D('',#3877,#3085,#3086);
#2532=AXIS2_PLACEMENT_3D('',#3879,#3088,#3089);
#2533=AXIS2_PLACEMENT_3D('',#3888,#3094,#3095);
#2534=AXIS2_PLACEMENT_3D('',#3894,#3099,#3100);
#2535=AXIS2_PLACEMENT_3D('',#3898,#3103,#3104);
#2536=AXIS2_PLACEMENT_3D('',#3900,#3106,#3107);
#2537=AXIS2_PLACEMENT_3D('',#3902,#3109,#3110);
#2538=AXIS2_PLACEMENT_3D('',#3904,#3112,#3113);
#2539=AXIS2_PLACEMENT_3D('',#3906,#3115,#3116);
#2540=AXIS2_PLACEMENT_3D('',#3908,#3118,#3119);
#2541=AXIS2_PLACEMENT_3D('',#3909,#3120,#3121);
#2542=AXIS2_PLACEMENT_3D('',#3911,#3123,#3124);
#2543=AXIS2_PLACEMENT_3D('',#3914,#3127,#3128);
#2544=AXIS2_PLACEMENT_3D('',#3916,#3130,#3131);
#2545=AXIS2_PLACEMENT_3D('',#3918,#3133,#3134);
#2546=DIRECTION('axis',(0.,0.,1.));
#2547=DIRECTION('refdir',(1.,0.,0.));
#2548=DIRECTION('center_axis',(-1.78843780565743E-29,-1.,2.48491185144619E-29));
#2549=DIRECTION('ref_axis',(1.,-1.80087931309817E-29,1.97215226305253E-30));
#2550=DIRECTION('',(1.,-1.80087931309817E-29,1.97215226305253E-30));
#2551=DIRECTION('',(-1.97215206713741E-30,2.48491185144619E-29,1.));
#2552=DIRECTION('',(-1.,-1.44328993201269E-15,-1.97215226305253E-30));
#2553=DIRECTION('',(1.97215226305253E-30,-1.18329135783152E-30,-1.));
#2554=DIRECTION('center_axis',(1.,-7.88418787215682E-9,1.97215226305253E-30));
#2555=DIRECTION('ref_axis',(7.88418787215682E-9,1.,3.94430452610506E-31));
#2556=DIRECTION('',(7.88418787215682E-9,1.,0.));
#2557=DIRECTION('',(-1.97215226305253E-30,0.,1.));
#2558=DIRECTION('',(7.88418787215682E-9,1.,3.94430452610506E-31));
#2559=DIRECTION('center_axis',(-1.97215226305253E-30,0.,1.));
#2560=DIRECTION('ref_axis',(1.,-8.41624452349421E-30,2.52435489670724E-30));
#2561=DIRECTION('',(1.,1.44328993201269E-15,1.97215226305253E-30));
#2562=DIRECTION('',(-1.5179016944203E-15,1.,0.));
#2563=DIRECTION('center_axis',(-1.97215226305253E-30,0.,1.));
#2564=DIRECTION('ref_axis',(0.707106781186549,-0.707106781186546,-3.28247454643574E-15));
#2565=DIRECTION('',(1.,1.62352094250379E-15,1.97215226305253E-30));
#2566=DIRECTION('center_axis',(-1.97215226305253E-30,0.,1.));
#2567=DIRECTION('ref_axis',(-0.707106781186547,-0.707106781186548,2.45326946669315E-17));
#2568=DIRECTION('center_axis',(-1.97215226305253E-30,0.,1.));
#2569=DIRECTION('ref_axis',(-0.707106781186547,-0.707106781186548,-1.72563323017096E-30));
#2570=DIRECTION('',(7.46117624075961E-17,-1.,0.));
#2571=DIRECTION('center_axis',(-1.97215226305253E-30,0.,1.));
#2572=DIRECTION('ref_axis',(-0.707106781186547,0.707106781186547,-1.57772181044202E-30));
#2573=DIRECTION('',(1.,1.44328993201269E-15,1.97215226305253E-30));
#2574=DIRECTION('center_axis',(-1.97215226305253E-30,0.,1.));
#2575=DIRECTION('ref_axis',(-0.707106781186547,0.707106781186547,-1.57772181044202E-30));
#2576=DIRECTION('',(9.07725957173704E-17,-1.,0.));
#2577=DIRECTION('center_axis',(-1.97215226305253E-30,0.,1.));
#2578=DIRECTION('ref_axis',(-0.707106781186547,-0.707106781186547,-1.72563323017096E-30));
#2579=DIRECTION('',(1.,-8.51969713289905E-17,1.97215226305253E-30));
#2580=DIRECTION('center_axis',(-1.97215226305253E-30,0.,1.));
#2581=DIRECTION('ref_axis',(0.707106778399066,-0.707106783974029,1.57772181044202E-30));
#2582=DIRECTION('center_axis',(-1.78843780565743E-29,-1.,2.48491185144619E-29));
#2583=DIRECTION('ref_axis',(1.,-1.80087931309817E-29,1.97215226305253E-30));
#2584=DIRECTION('',(-2.39391839684798E-15,2.02859243029651E-15,-1.));
#2585=DIRECTION('',(-1.,-1.44328993201269E-15,2.39391839684798E-15));
#2586=DIRECTION('',(2.39391839684798E-15,-2.02859243029651E-15,1.));
#2587=DIRECTION('',(1.,-1.80087931309817E-29,1.97215226305253E-30));
#2588=DIRECTION('',(-2.28253088944315E-16,-2.48491185144619E-29,-1.));
#2589=DIRECTION('',(1.,-1.78941008964548E-29,-9.05861407390724E-16));
#2590=DIRECTION('',(2.28253088944315E-16,2.48491185144619E-29,1.));
#2591=DIRECTION('',(1.,-1.80087931309817E-29,1.97215226305253E-30));
#2592=DIRECTION('center_axis',(-1.97215226305253E-30,1.18329135783152E-30,
1.));
#2593=DIRECTION('ref_axis',(1.,-9.13410794724533E-30,1.97215226305253E-30));
#2594=DIRECTION('',(1.,1.44328993201269E-15,1.97215226305253E-30));
#2595=DIRECTION('center_axis',(1.97215226305253E-30,-1.18329135783152E-30,
-1.));
#2596=DIRECTION('ref_axis',(-0.707106781186547,0.707106781186547,-2.36658271566304E-30));
#2597=DIRECTION('',(-1.,1.18979024742156E-16,-2.36658271566304E-30));
#2598=DIRECTION('',(9.00969287283794E-30,1.,-1.18329135783152E-30));
#2599=DIRECTION('center_axis',(-1.97215226305253E-30,1.18329135783152E-30,
1.));
#2600=DIRECTION('ref_axis',(1.,-9.13410794724533E-30,1.97215226305253E-30));
#2601=DIRECTION('',(-9.00969287283794E-30,-1.,1.18329135783152E-30));
#2602=DIRECTION('',(-1.,9.13410794724533E-30,-1.97215226305253E-30));
#2603=DIRECTION('center_axis',(1.97215226305253E-30,-1.18329135783152E-30,
-1.));
#2604=DIRECTION('ref_axis',(0.707106783974027,0.707106778399068,8.87468518373638E-31));
#2605=DIRECTION('',(1.,1.44328993201269E-15,1.97215226305253E-30));
#2606=DIRECTION('center_axis',(-1.97215226305253E-30,1.18329135783152E-30,
1.));
#2607=DIRECTION('ref_axis',(-0.707106781186547,0.707106781186547,-2.36658271566304E-30));
#2608=DIRECTION('',(-1.97215226305253E-30,1.18329135783152E-30,1.));
#2609=DIRECTION('center_axis',(-1.97215226305253E-30,1.38050658413677E-29,
1.));
#2610=DIRECTION('ref_axis',(-0.707106781186547,0.707106781186547,-2.36658271566304E-30));
#2611=DIRECTION('',(1.97215226305253E-30,-1.18329135783152E-30,-1.));
#2612=DIRECTION('center_axis',(1.18979024742156E-16,1.,-7.88860905221012E-31));
#2613=DIRECTION('ref_axis',(-1.,1.18979024742156E-16,-2.36658271566304E-30));
#2614=DIRECTION('',(-1.,1.18979024742156E-16,-1.97215226305253E-30));
#2615=DIRECTION('',(-1.97215226305253E-30,1.18329135783152E-30,1.));
#2616=DIRECTION('center_axis',(-1.97215226305253E-30,1.18329135783152E-30,
1.));
#2617=DIRECTION('ref_axis',(0.707106783974027,0.707106778399068,8.87468518373638E-31));
#2618=DIRECTION('',(-1.97215226305253E-30,1.18329135783152E-30,1.));
#2619=DIRECTION('center_axis',(-1.97215226305253E-30,1.38050658413677E-29,
1.));
#2620=DIRECTION('ref_axis',(0.707106783974027,0.707106778399068,8.87468518373638E-31));
#2621=DIRECTION('center_axis',(9.00969287283794E-30,1.,-1.18329135783152E-30));
#2622=DIRECTION('ref_axis',(-1.,9.13410794724533E-30,-1.97215226305253E-30));
#2623=DIRECTION('',(-1.97215226305253E-30,1.18329135783152E-30,1.));
#2624=DIRECTION('',(-1.,9.13410794724533E-30,-1.97215226305253E-30));
#2625=DIRECTION('center_axis',(-1.97215226305253E-30,1.38050658413677E-29,
1.));
#2626=DIRECTION('ref_axis',(-1.,1.56422104153187E-29,-1.97215226305253E-30));
#2627=DIRECTION('',(1.47289344356902E-29,1.,-1.38050658413677E-29));
#2628=DIRECTION('',(-1.,1.56422104153187E-29,-1.97215226305253E-30));
#2629=DIRECTION('center_axis',(-1.97215226305253E-30,1.38050658413677E-29,
1.));
#2630=DIRECTION('ref_axis',(0.707106781186547,0.707106781186548,-2.45326946669432E-17));
#2631=DIRECTION('center_axis',(1.,-1.47386572755708E-29,-9.05861407390724E-16));
#2632=DIRECTION('ref_axis',(-1.40226505765727E-29,-1.,8.08060794581889E-16));
#2633=DIRECTION('',(-1.40226505765727E-29,-1.,8.08060794581889E-16));
#2634=DIRECTION('',(-9.05861407390724E-16,2.30371277609718E-15,-1.));
#2635=DIRECTION('center_axis',(-1.,1.43442268229603E-29,9.05861407390724E-16));
#2636=DIRECTION('ref_axis',(1.54497318200467E-29,1.,1.23595446393342E-15));
#2637=DIRECTION('',(-1.43345039830797E-29,-1.,1.38050658413677E-29));
#2638=DIRECTION('',(-9.05861407390724E-16,2.30371277609718E-15,-1.));
#2639=DIRECTION('',(1.54497318200467E-29,1.,1.23595446393342E-15));
#2640=DIRECTION('center_axis',(-9.05861407390724E-16,2.30371277609718E-15,
-1.));
#2641=DIRECTION('ref_axis',(-1.,-9.43689570931373E-16,9.05861407390722E-16));
#2642=DIRECTION('',(1.,-8.97147082953775E-17,-6.85454412522743E-16));
#2643=DIRECTION('center_axis',(-1.97215226305253E-30,1.38050658413677E-29,
1.));
#2644=DIRECTION('ref_axis',(-1.,1.56422104153187E-29,-1.97215226305253E-30));
#2645=DIRECTION('center_axis',(-1.97215226305253E-30,1.38050658413677E-29,
1.));
#2646=DIRECTION('ref_axis',(-0.707106781186548,0.707106781186547,-1.47196168001755E-17));
#2647=DIRECTION('',(-1.,1.56422104153187E-29,-1.97215226305253E-30));
#2648=DIRECTION('',(1.,1.44328993201269E-15,1.97215226305253E-30));
#2649=DIRECTION('center_axis',(-2.33840724561673E-15,2.30371277609718E-15,
-1.));
#2650=DIRECTION('ref_axis',(-0.707106781186548,0.707106781186547,-9.19976050011561E-18));
#2651=DIRECTION('',(0.70710678118655,-4.13871365581911E-16,0.707106781186545));
#2652=DIRECTION('center_axis',(1.97215226305253E-30,-1.38050658413677E-29,
-1.));
#2653=DIRECTION('ref_axis',(-0.707106781186548,0.707106781186547,-8.5459931398943E-30));
#2654=DIRECTION('',(2.32079291549195E-15,-0.707106781186541,0.707106781186554));
#2655=DIRECTION('center_axis',(-1.97215226305253E-30,1.38050658413677E-29,
1.));
#2656=DIRECTION('ref_axis',(-0.707106781186548,0.707106781186547,-1.47196168001751E-17));
#2657=DIRECTION('center_axis',(-1.17961196366419E-16,2.30371277609718E-15,
-1.));
#2658=DIRECTION('ref_axis',(0.707106781186547,0.707106781186548,-1.53329341668424E-17));
#2659=DIRECTION('',(-0.707106781186546,-2.45499156187081E-15,0.707106781186549));
#2660=DIRECTION('center_axis',(-1.97215226305253E-30,1.38050658413677E-29,
1.));
#2661=DIRECTION('ref_axis',(0.707106781186547,0.707106781186548,-2.45326946669432E-17));
#2662=DIRECTION('',(-3.43457725337065E-17,-0.707106781186553,0.707106781186541));
#2663=DIRECTION('center_axis',(1.97215226305253E-30,-1.38050658413677E-29,
-1.));
#2664=DIRECTION('ref_axis',(0.707106781186547,0.707106781186548,-8.30460992019777E-30));
#2665=DIRECTION('center_axis',(9.26911563634689E-30,0.707106781186554,0.707106781186541));
#2666=DIRECTION('ref_axis',(1.,9.43689570931372E-16,-9.43689570931403E-16));
#2667=DIRECTION('',(1.,-1.56422104153187E-29,1.97215226305253E-30));
#2668=DIRECTION('',(-1.,1.56422104153187E-29,-1.97215226305253E-30));
#2669=DIRECTION('center_axis',(-1.97215226305253E-30,1.38050658413677E-29,
1.));
#2670=DIRECTION('ref_axis',(-0.707106781186548,0.707106781186547,-1.47196168001755E-17));
#2671=DIRECTION('',(2.39391839684798E-15,-2.02859243029651E-15,1.));
#2672=DIRECTION('',(1.97215226305253E-30,-1.38050658413677E-29,-1.));
#2673=DIRECTION('center_axis',(1.55177953409113E-29,1.,-1.38050658413677E-29));
#2674=DIRECTION('ref_axis',(-1.,1.56422104153187E-29,-1.97215226305253E-30));
#2675=DIRECTION('',(-1.97215226305253E-30,1.38050658413677E-29,1.));
#2676=DIRECTION('center_axis',(-1.97215226305253E-30,1.38050658413677E-29,
1.));
#2677=DIRECTION('ref_axis',(0.707106781186547,0.707106781186548,-2.45326946669432E-17));
#2678=DIRECTION('',(2.39391839684798E-15,-2.02859243029651E-15,1.));
#2679=DIRECTION('center_axis',(-1.44328993201269E-15,1.,2.02859243029651E-15));
#2680=DIRECTION('ref_axis',(2.39391839684798E-15,-2.02859243029651E-15,
1.));
#2681=DIRECTION('',(2.39391839684798E-15,-2.02859243029651E-15,1.));
#2682=DIRECTION('',(2.39391839684798E-15,-2.02859243029651E-15,1.));
#2683=DIRECTION('',(-1.,-1.44328993201269E-15,-1.97215226305253E-30));
#2684=DIRECTION('',(1.97215226305253E-30,0.,-1.));
#2685=DIRECTION('center_axis',(-2.39391839684799E-15,2.15105711021121E-15,
-1.));
#2686=DIRECTION('ref_axis',(-0.707106781186547,-0.707106781186548,2.45326946669315E-17));
#2687=DIRECTION('',(2.39391839684799E-15,-2.15105711021121E-15,1.));
#2688=DIRECTION('',(-2.39391839684799E-15,2.15105711021121E-15,-1.));
#2689=DIRECTION('center_axis',(0.707106781186545,2.50775004502551E-15,-0.70710678118655));
#2690=DIRECTION('ref_axis',(-1.5179016944203E-15,1.,2.02859243029652E-15));
#2691=DIRECTION('',(1.5179016944203E-15,-1.,-2.02859243029652E-15));
#2692=DIRECTION('',(-1.5179016944203E-15,1.,2.02859243029652E-15));
#2693=DIRECTION('center_axis',(-2.39391839684798E-15,2.02859243029651E-15,
-1.));
#2694=DIRECTION('ref_axis',(1.,1.4432899320127E-15,-2.39391839684798E-15));
#2695=DIRECTION('',(1.,1.6235209425038E-15,-2.39391839684798E-15));
#2696=DIRECTION('',(-1.5179016944203E-15,1.,2.02859243029652E-15));
#2697=DIRECTION('',(-1.44328993201269E-15,1.,2.02859243029652E-15));
#2698=DIRECTION('',(-1.,-1.56719875172533E-15,2.39391839684798E-15));
#2699=DIRECTION('',(-1.69110757143795E-15,1.,2.02859243029652E-15));
#2700=DIRECTION('',(-1.,-1.4432899320127E-15,2.39391839684798E-15));
#2701=DIRECTION('',(-1.66533453693769E-15,1.,2.02859243029652E-15));
#2702=DIRECTION('',(-1.,-1.4432899320127E-15,2.39391839684798E-15));
#2703=DIRECTION('',(-1.69110757143795E-15,1.,2.02859243029652E-15));
#2704=DIRECTION('',(-1.,-1.6653345369377E-15,2.39391839684798E-15));
#2705=DIRECTION('',(1.66533453693769E-15,-1.,-2.02859243029652E-15));
#2706=DIRECTION('',(1.,1.6653345369377E-15,-2.39391839684798E-15));
#2707=DIRECTION('',(1.,-1.85822476878405E-15,-2.39391839684799E-15));
#2708=DIRECTION('',(1.58840805707549E-16,-1.,-2.02859243029651E-15));
#2709=DIRECTION('',(-1.,-1.85822476878403E-15,2.39391839684798E-15));
#2710=DIRECTION('',(1.58840805707574E-16,1.,2.02859243029651E-15));
#2711=DIRECTION('',(-1.69110757143795E-15,1.,2.02859243029652E-15));
#2712=DIRECTION('',(-1.,-1.4432899320127E-15,2.39391839684798E-15));
#2713=DIRECTION('',(-1.44328993201269E-15,1.,2.02859243029652E-15));
#2714=DIRECTION('',(-1.,-1.4432899320127E-15,2.39391839684798E-15));
#2715=DIRECTION('',(-1.,-1.4432899320127E-15,2.39391839684798E-15));
#2716=DIRECTION('',(-1.62915316158164E-15,1.,2.02859243029652E-15));
#2717=DIRECTION('',(-1.,-1.4432899320127E-15,2.39391839684798E-15));
#2718=DIRECTION('',(-1.62915316158164E-15,1.,2.02859243029652E-15));
#2719=DIRECTION('',(-1.,-1.4432899320127E-15,2.39391839684798E-15));
#2720=DIRECTION('',(-1.44328993201269E-15,1.,2.02859243029652E-15));
#2721=DIRECTION('',(-1.,-1.4432899320127E-15,2.39391839684798E-15));
#2722=DIRECTION('',(-1.69110757143795E-15,1.,2.02859243029652E-15));
#2723=DIRECTION('',(-1.,-1.53622154679717E-15,2.39391839684798E-15));
#2724=DIRECTION('',(-1.62915316158164E-15,1.,2.02859243029652E-15));
#2725=DIRECTION('',(-1.,-1.4432899320127E-15,2.39391839684798E-15));
#2726=DIRECTION('',(-1.62915316158164E-15,1.,2.02859243029652E-15));
#2727=DIRECTION('',(-1.62915316158164E-15,1.,2.02859243029652E-15));
#2728=DIRECTION('',(-1.,-1.4432899320127E-15,2.39391839684798E-15));
#2729=DIRECTION('',(-1.62915316158164E-15,1.,2.02859243029652E-15));
#2730=DIRECTION('',(-1.,-1.56719875172533E-15,2.39391839684798E-15));
#2731=DIRECTION('',(-1.44328993201269E-15,1.,2.02859243029652E-15));
#2732=DIRECTION('',(-1.,-1.4432899320127E-15,2.39391839684798E-15));
#2733=DIRECTION('',(-1.69110757143795E-15,1.,2.02859243029652E-15));
#2734=DIRECTION('',(-1.,-1.56719875172533E-15,2.39391839684798E-15));
#2735=DIRECTION('',(-1.44328993201269E-15,1.,2.02859243029652E-15));
#2736=DIRECTION('',(-1.,-1.53622154679717E-15,2.39391839684798E-15));
#2737=DIRECTION('',(-1.69110757143795E-15,1.,2.02859243029652E-15));
#2738=DIRECTION('',(-1.,-1.4432899320127E-15,2.39391839684798E-15));
#2739=DIRECTION('',(2.75120345800693E-16,1.,2.02859243029651E-15));
#2740=DIRECTION('',(1.,-5.55111512312626E-17,-2.39391839684798E-15));
#2741=DIRECTION('',(2.75120345800653E-16,-1.,-2.02859243029651E-15));
#2742=DIRECTION('',(-1.,-5.55111512312422E-17,2.39391839684798E-15));
#2743=DIRECTION('center_axis',(2.84075859986124E-15,-0.707106781186549,
0.707106781186546));
#2744=DIRECTION('ref_axis',(-1.,-1.6235209425038E-15,2.39391839684798E-15));
#2745=DIRECTION('',(-1.,-1.6235209425038E-15,2.39391839684798E-15));
#2746=DIRECTION('center_axis',(1.62352094250379E-15,-1.,-2.15105711021122E-15));
#2747=DIRECTION('ref_axis',(1.,1.6235209425038E-15,-2.39391839684798E-15));
#2748=DIRECTION('',(-2.39391839684799E-15,2.15105711021121E-15,-1.));
#2749=DIRECTION('center_axis',(1.,1.5179016944203E-15,-2.39391839684798E-15));
#2750=DIRECTION('ref_axis',(-1.5179016944203E-15,1.,2.15105711021121E-15));
#2751=DIRECTION('center_axis',(-1.97215226305253E-30,0.,1.));
#2752=DIRECTION('ref_axis',(1.,-8.54246226832957E-30,1.97215226305253E-30));
#2753=DIRECTION('',(1.29184667597868E-15,-1.,5.12759588393658E-30));
#2754=DIRECTION('center_axis',(1.97215226305253E-30,0.,-1.));
#2755=DIRECTION('ref_axis',(0.707106778399066,-0.707106783974029,1.57772181044202E-30));
#2756=DIRECTION('',(1.,-8.51969713289905E-17,1.97215226305253E-30));
#2757=DIRECTION('center_axis',(1.97215226305253E-30,0.,-1.));
#2758=DIRECTION('ref_axis',(-0.707106781186547,-0.707106781186547,-1.72563323017096E-30));
#2759=DIRECTION('',(9.07725957173705E-17,-1.,0.));
#2760=DIRECTION('center_axis',(1.97215226305253E-30,0.,-1.));
#2761=DIRECTION('ref_axis',(-0.707106781186547,0.707106781186547,-1.57772181044202E-30));
#2762=DIRECTION('',(-1.4432899320127E-15,1.,0.));
#2763=DIRECTION('',(-1.,-1.44328993201269E-15,-1.97215226305253E-30));
#2764=DIRECTION('',(-1.4432899320127E-15,1.,0.));
#2765=DIRECTION('',(-1.,-1.44328993201269E-15,-1.97215226305253E-30));
#2766=DIRECTION('',(2.48099973588372E-15,-1.,0.));
#2767=DIRECTION('center_axis',(-1.,-2.48099973588372E-15,2.39391839684798E-15));
#2768=DIRECTION('ref_axis',(2.48099973588371E-15,-1.,-2.15105711021121E-15));
#2769=DIRECTION('',(-2.39391839684798E-15,2.02859243029651E-15,-1.));
#2770=DIRECTION('',(2.48099973588371E-15,-1.,-2.30371277609718E-15));
#2771=DIRECTION('',(2.39391839684798E-15,-2.02859243029651E-15,1.));
#2772=DIRECTION('',(2.48099973588371E-15,-1.,-2.02859243029651E-15));
#2773=DIRECTION('',(2.39391839684798E-15,-2.02859243029651E-15,1.));
#2774=DIRECTION('center_axis',(-1.97215226305253E-30,1.26217744835362E-29,
1.));
#2775=DIRECTION('ref_axis',(1.,-1.50505647364029E-29,1.97215226305253E-30));
#2776=DIRECTION('',(-1.,-9.43689570931371E-16,-1.97215226305253E-30));
#2777=DIRECTION('',(9.43689570931377E-16,-1.,1.26217744835362E-29));
#2778=DIRECTION('',(1.,9.28144600975665E-16,-6.85454412522744E-16));
#2779=DIRECTION('',(1.76786782811694E-14,1.,-8.08060794581902E-16));
#2780=DIRECTION('',(-1.,1.50505647364029E-29,-1.97215226305253E-30));
#2781=DIRECTION('center_axis',(-1.97215226305253E-30,1.26217744835362E-29,
1.));
#2782=DIRECTION('ref_axis',(-0.707106781186555,-0.70710678118654,2.45326946669767E-17));
#2783=DIRECTION('',(1.49261496619955E-29,1.,-1.26217744835362E-29));
#2784=DIRECTION('center_axis',(-1.97215226305253E-30,1.26217744835362E-29,
1.));
#2785=DIRECTION('ref_axis',(-0.707106781186548,0.707106781186547,-6.42756600273767E-16));
#2786=DIRECTION('',(1.,-1.50505647364029E-29,1.97215226305253E-30));
#2787=DIRECTION('center_axis',(-1.97215226305253E-30,1.26217744835362E-29,
1.));
#2788=DIRECTION('ref_axis',(0.707106781186555,0.70710678118654,-2.45326946669767E-17));
#2789=DIRECTION('',(-1.49261496619955E-29,-1.,1.26217744835362E-29));
#2790=DIRECTION('center_axis',(-1.97215226305253E-30,1.26217744835362E-29,
1.));
#2791=DIRECTION('ref_axis',(0.707106781186556,-0.707106781186539,6.42756600273722E-16));
#2792=DIRECTION('center_axis',(2.33840724561673E-15,-2.30371277609718E-15,
1.));
#2793=DIRECTION('ref_axis',(1.,9.43689570931377E-16,-2.33840724561673E-15));
#2794=DIRECTION('',(-1.,1.40631203277578E-29,6.85454412522744E-16));
#2795=DIRECTION('',(-1.34310048976569E-29,-1.,8.08060794581888E-16));
#2796=DIRECTION('',(1.,-1.40631203277578E-29,-6.85454412522744E-16));
#2797=DIRECTION('',(1.34310048976569E-29,1.,-8.08060794581888E-16));
#2798=DIRECTION('',(1.,-1.3897747152727E-29,-5.00417237616304E-16));
#2799=DIRECTION('',(-1.34310048976569E-29,-1.,8.08060794581888E-16));
#2800=DIRECTION('',(-1.,1.3988394253061E-29,5.46676531342914E-16));
#2801=DIRECTION('',(1.33943324101729E-29,1.,-9.08080889126045E-16));
#2802=DIRECTION('center_axis',(-8.24621314568899E-16,-2.30371277609719E-15,
1.));
#2803=DIRECTION('ref_axis',(1.,9.43689570931368E-16,8.24621314568902E-16));
#2804=DIRECTION('',(1.,-1.52464116855893E-29,-6.85454412522744E-16));
#2805=DIRECTION('',(1.46142962554885E-29,1.,-8.0806079458189E-16));
#2806=DIRECTION('',(-1.,1.52464116855893E-29,6.85454412522744E-16));
#2807=DIRECTION('',(-1.46142962554885E-29,-1.,8.0806079458189E-16));
#2808=DIRECTION('center_axis',(-1.,1.44650820333092E-29,1.11022302462515E-15));
#2809=DIRECTION('ref_axis',(-1.34310048976569E-29,-1.,8.08060794581888E-16));
#2810=DIRECTION('',(-1.34310048976569E-29,-1.,8.08060794581888E-16));
#2811=DIRECTION('',(1.11022302462515E-15,1.02551917678732E-29,1.));
#2812=DIRECTION('',(1.11022302462515E-15,1.02551917678732E-29,1.));
#2813=DIRECTION('center_axis',(1.39400735304692E-29,1.,-1.02551917678732E-29));
#2814=DIRECTION('ref_axis',(-1.,1.3988394253061E-29,5.46676531342914E-16));
#2815=DIRECTION('',(-1.,1.3988394253061E-29,5.46676531342914E-16));
#2816=DIRECTION('',(1.11022302462515E-15,1.02551917678732E-29,1.));
#2817=DIRECTION('center_axis',(1.,-1.44650820333092E-29,-1.11022302462515E-15));
#2818=DIRECTION('ref_axis',(1.33943324101729E-29,1.,-9.08080889126045E-16));
#2819=DIRECTION('',(1.33943324101729E-29,1.,-9.08080889126045E-16));
#2820=DIRECTION('',(1.11022302462515E-15,1.02551917678732E-29,1.));
#2821=DIRECTION('center_axis',(-1.3742858304164E-29,-1.,1.02551917678732E-29));
#2822=DIRECTION('ref_axis',(1.,-1.3897747152727E-29,-5.00417237616304E-16));
#2823=DIRECTION('',(1.,-1.3897747152727E-29,-5.00417237616304E-16));
#2824=DIRECTION('center_axis',(1.49261496619955E-29,1.,-1.26217744835362E-29));
#2825=DIRECTION('ref_axis',(-1.,1.50505647364029E-29,-1.97215226305253E-30));
#2826=DIRECTION('',(1.97215226305253E-30,-1.26217744835362E-29,-1.));
#2827=DIRECTION('',(-1.97215226305253E-30,1.26217744835362E-29,1.));
#2828=DIRECTION('',(-1.,1.50505647364029E-29,-1.97215226305253E-30));
#2829=DIRECTION('center_axis',(-1.97215226305253E-30,1.26217744835362E-29,
1.));
#2830=DIRECTION('ref_axis',(-0.707106781186555,-0.70710678118654,2.45326946669767E-17));
#2831=DIRECTION('center_axis',(1.97215226305253E-30,-1.26217744835362E-29,
-1.));
#2832=DIRECTION('ref_axis',(-0.707106781186555,-0.70710678118654,2.45326946669767E-17));
#2833=DIRECTION('',(-1.97215226305253E-30,1.26217744835362E-29,1.));
#2834=DIRECTION('center_axis',(1.,-1.50505647364029E-29,1.97215226305253E-30));
#2835=DIRECTION('ref_axis',(1.49261496619955E-29,1.,-1.26217744835362E-29));
#2836=DIRECTION('',(1.49261496619955E-29,1.,-1.26217744835362E-29));
#2837=DIRECTION('',(1.97215226305253E-30,-1.26217744835362E-29,-1.));
#2838=DIRECTION('center_axis',(-1.97215226305253E-30,1.26217744835362E-29,
1.));
#2839=DIRECTION('ref_axis',(-0.707106781186548,0.707106781186547,-6.42756600273767E-16));
#2840=DIRECTION('center_axis',(1.97215226305253E-30,-1.26217744835362E-29,
-1.));
#2841=DIRECTION('ref_axis',(-0.707106781186548,0.707106781186547,-6.42756600273767E-16));
#2842=DIRECTION('',(-1.97215226305253E-30,1.26217744835362E-29,1.));
#2843=DIRECTION('center_axis',(-1.49261496619955E-29,-1.,1.26217744835362E-29));
#2844=DIRECTION('ref_axis',(1.,-1.50505647364029E-29,1.97215226305253E-30));
#2845=DIRECTION('',(1.97215226305253E-30,-1.26217744835362E-29,-1.));
#2846=DIRECTION('',(1.,-1.50505647364029E-29,1.97215226305253E-30));
#2847=DIRECTION('center_axis',(-1.97215226305253E-30,1.26217744835362E-29,
1.));
#2848=DIRECTION('ref_axis',(0.707106781186555,0.70710678118654,-2.45326946669767E-17));
#2849=DIRECTION('center_axis',(1.97215226305253E-30,-1.26217744835362E-29,
-1.));
#2850=DIRECTION('ref_axis',(0.707106781186555,0.70710678118654,-2.45326946669767E-17));
#2851=DIRECTION('',(-1.97215226305253E-30,1.26217744835362E-29,1.));
#2852=DIRECTION('center_axis',(-1.,1.50505647364029E-29,-1.97215226305253E-30));
#2853=DIRECTION('ref_axis',(-1.49261496619955E-29,-1.,1.26217744835362E-29));
#2854=DIRECTION('',(1.97215226305253E-30,-1.26217744835362E-29,-1.));
#2855=DIRECTION('',(-1.49261496619955E-29,-1.,1.26217744835362E-29));
#2856=DIRECTION('center_axis',(-1.97215226305253E-30,1.26217744835362E-29,
1.));
#2857=DIRECTION('ref_axis',(0.707106781186556,-0.707106781186539,6.42756600273722E-16));
#2858=DIRECTION('center_axis',(1.97215226305253E-30,-1.26217744835362E-29,
-1.));
#2859=DIRECTION('ref_axis',(0.707106781186556,-0.707106781186539,6.42756600273722E-16));
#2860=DIRECTION('center_axis',(-2.39391839684799E-15,2.15105711021121E-15,
-1.));
#2861=DIRECTION('ref_axis',(0.707106781186549,-0.707106781186546,-3.28247454643574E-15));
#2862=DIRECTION('',(2.39391839684799E-15,-2.15105711021121E-15,1.));
#2863=DIRECTION('center_axis',(1.65350362055136E-15,0.707106781186546,0.707106781186549));
#2864=DIRECTION('ref_axis',(-1.,1.16881415726229E-15,1.16959308835446E-15));
#2865=DIRECTION('',(0.577350269189627,-0.577350269189627,0.577350269189623));
#2866=DIRECTION('',(0.577350269189624,0.577350269189627,-0.577350269189626));
#2867=DIRECTION('center_axis',(-0.707106781186546,-1.6289709258844E-15,
0.707106781186549));
#2868=DIRECTION('ref_axis',(2.20035619334423E-15,-1.,-1.03356582752941E-16));
#2869=DIRECTION('',(0.577350269189627,0.577350269189624,0.577350269189626));
#2870=DIRECTION('center_axis',(1.65350362055134E-15,-0.707106781186549,
0.707106781186546));
#2871=DIRECTION('ref_axis',(1.,1.16881415726226E-15,-1.16959308835445E-15));
#2872=DIRECTION('',(0.577350269189625,-0.577350269189625,-0.577350269189629));
#2873=DIRECTION('center_axis',(0.707106781186549,-1.62897092588442E-15,
0.707106781186546));
#2874=DIRECTION('ref_axis',(2.20035619334426E-15,1.,1.03356582752931E-16));
#2875=DIRECTION('center_axis',(0.866025403784438,-1.1518563880486E-15,0.500000000000001));
#2876=DIRECTION('ref_axis',(1.55588678533955E-15,1.,-3.91162186935904E-16));
#2877=DIRECTION('',(-0.447213595499958,-0.44721359549996,0.774596669241482));
#2878=DIRECTION('',(-0.447213595499958,0.447213595499956,0.774596669241484));
#2879=DIRECTION('center_axis',(-4.12310657284436E-16,0.866025403784438,
0.500000000000002));
#2880=DIRECTION('ref_axis',(-1.,-7.55037863545806E-16,4.83142626730719E-16));
#2881=DIRECTION('',(0.447213595499957,-0.44721359549996,0.774596669241483));
#2882=DIRECTION('center_axis',(-0.866025403784439,-1.15185638804858E-15,
0.499999999999999));
#2883=DIRECTION('ref_axis',(1.55588678533952E-15,-1.,3.91162186935907E-16));
#2884=DIRECTION('',(0.447213595499957,0.447213595499956,0.774596669241485));
#2885=DIRECTION('center_axis',(-4.12310657284463E-16,-0.86602540378444,
0.499999999999998));
#2886=DIRECTION('ref_axis',(1.,-7.55037863545837E-16,-4.83142626730723E-16));
#2887=DIRECTION('center_axis',(6.85454412522744E-16,9.81533142179568E-16,
1.));
#2888=DIRECTION('ref_axis',(-1.,1.40631203277578E-29,6.85454412522744E-16));
#2889=DIRECTION('',(1.59835842976992E-29,1.,-9.81533142179568E-16));
#2890=DIRECTION('',(1.,-1.70213487223366E-29,-6.85454412522744E-16));
#2891=DIRECTION('',(-1.59835842976992E-29,-1.,9.81533142179568E-16));
#2892=DIRECTION('',(-1.,1.70213487223366E-29,6.85454412522744E-16));
#2893=DIRECTION('center_axis',(-1.97215226305253E-30,1.26217744835362E-29,
1.));
#2894=DIRECTION('ref_axis',(1.,-1.50505647364029E-29,1.97215226305253E-30));
#2895=DIRECTION('',(-1.,-9.43689570931371E-16,-1.97215226305253E-30));
#2896=DIRECTION('',(-9.43689570931377E-16,1.,-1.26217744835362E-29));
#2897=DIRECTION('',(-1.,-9.43689570931371E-16,-1.97215226305253E-30));
#2898=DIRECTION('',(-9.43689570931377E-16,1.,-1.26217744835362E-29));
#2899=DIRECTION('center_axis',(1.,1.5179016944203E-15,-2.39391839684798E-15));
#2900=DIRECTION('ref_axis',(-1.5179016944203E-15,1.,2.15105711021122E-15));
#2901=DIRECTION('',(1.5179016944203E-15,-1.,-2.02859243029652E-15));
#2902=DIRECTION('center_axis',(0.707106781186549,-3.61112882427218E-16,
0.707106781186546));
#2903=DIRECTION('ref_axis',(1.5179016944203E-15,-1.,-2.02859243029652E-15));
#2904=DIRECTION('center_axis',(-1.53622154679716E-15,1.,2.02859243029652E-15));
#2905=DIRECTION('ref_axis',(2.39391839684798E-15,-2.02859243029651E-15,
1.));
#2906=DIRECTION('',(2.39391839684798E-15,-2.02859243029651E-15,1.));
#2907=DIRECTION('',(-1.,-1.53622154679717E-15,2.39391839684798E-15));
#2908=DIRECTION('',(2.39391839684798E-15,-2.02859243029651E-15,1.));
#2909=DIRECTION('center_axis',(1.,1.69110757143796E-15,-2.39391839684798E-15));
#2910=DIRECTION('ref_axis',(-1.69110757143795E-15,1.,2.15105711021122E-15));
#2911=DIRECTION('',(-1.69110757143795E-15,1.,2.02859243029652E-15));
#2912=DIRECTION('',(2.39391839684798E-15,-2.02859243029651E-15,1.));
#2913=DIRECTION('center_axis',(-1.44328993201269E-15,1.,2.02859243029652E-15));
#2914=DIRECTION('ref_axis',(2.39391839684798E-15,-2.02859243029651E-15,
1.));
#2915=DIRECTION('',(-1.,-1.4432899320127E-15,2.39391839684798E-15));
#2916=DIRECTION('',(2.39391839684798E-15,-2.02859243029651E-15,1.));
#2917=DIRECTION('center_axis',(1.,1.4432899320127E-15,-2.39391839684798E-15));
#2918=DIRECTION('ref_axis',(-2.39391839684799E-15,2.15105711021121E-15,
-1.));
#2919=DIRECTION('',(-1.44328993201269E-15,1.,2.02859243029652E-15));
#2920=DIRECTION('center_axis',(-1.44328993201269E-15,1.,2.02859243029652E-15));
#2921=DIRECTION('ref_axis',(2.39391839684798E-15,-2.02859243029651E-15,
1.));
#2922=DIRECTION('',(2.39391839684798E-15,-2.02859243029651E-15,1.));
#2923=DIRECTION('',(-1.,-1.4432899320127E-15,2.39391839684798E-15));
#2924=DIRECTION('',(2.39391839684798E-15,-2.02859243029651E-15,1.));
#2925=DIRECTION('center_axis',(1.,1.62915316158164E-15,-2.39391839684798E-15));
#2926=DIRECTION('ref_axis',(-1.62915316158164E-15,1.,2.15105711021122E-15));
#2927=DIRECTION('',(-1.62915316158164E-15,1.,2.02859243029652E-15));
#2928=DIRECTION('',(2.39391839684798E-15,-2.02859243029651E-15,1.));
#2929=DIRECTION('center_axis',(-1.56719875172532E-15,1.,2.02859243029652E-15));
#2930=DIRECTION('ref_axis',(-1.,-1.56719875172533E-15,2.39391839684798E-15));
#2931=DIRECTION('',(-1.,-1.56719875172533E-15,2.39391839684798E-15));
#2932=DIRECTION('',(2.39391839684798E-15,-2.02859243029651E-15,1.));
#2933=DIRECTION('center_axis',(1.,1.62915316158164E-15,-2.39391839684798E-15));
#2934=DIRECTION('ref_axis',(-1.62915316158164E-15,1.,2.15105711021122E-15));
#2935=DIRECTION('',(-1.62915316158164E-15,1.,2.02859243029652E-15));
#2936=DIRECTION('center_axis',(1.,1.62915316158164E-15,-2.39391839684798E-15));
#2937=DIRECTION('ref_axis',(-1.62915316158164E-15,1.,2.15105711021122E-15));
#2938=DIRECTION('',(2.39391839684798E-15,-2.02859243029651E-15,1.));
#2939=DIRECTION('',(-1.62915316158164E-15,1.,2.02859243029652E-15));
#2940=DIRECTION('',(2.39391839684798E-15,-2.02859243029651E-15,1.));
#2941=DIRECTION('center_axis',(-1.44328993201269E-15,1.,2.02859243029652E-15));
#2942=DIRECTION('ref_axis',(2.39391839684798E-15,-2.02859243029651E-15,
1.));
#2943=DIRECTION('',(-1.,-1.4432899320127E-15,2.39391839684798E-15));
#2944=DIRECTION('',(2.39391839684798E-15,-2.02859243029651E-15,1.));
#2945=DIRECTION('center_axis',(1.,1.62915316158164E-15,-2.39391839684798E-15));
#2946=DIRECTION('ref_axis',(-1.62915316158164E-15,1.,2.15105711021122E-15));
#2947=DIRECTION('',(-1.62915316158164E-15,1.,2.02859243029652E-15));
#2948=DIRECTION('',(2.39391839684798E-15,-2.02859243029651E-15,1.));
#2949=DIRECTION('center_axis',(-1.53622154679716E-15,1.,2.02859243029652E-15));
#2950=DIRECTION('ref_axis',(2.39391839684798E-15,-2.02859243029651E-15,
1.));
#2951=DIRECTION('',(-1.,-1.53622154679717E-15,2.39391839684798E-15));
#2952=DIRECTION('center_axis',(1.,1.62915316158164E-15,-2.39391839684798E-15));
#2953=DIRECTION('ref_axis',(-1.62915316158164E-15,1.,2.15105711021122E-15));
#2954=DIRECTION('',(2.39391839684798E-15,-2.02859243029651E-15,1.));
#2955=DIRECTION('',(-1.62915316158164E-15,1.,2.02859243029652E-15));
#2956=DIRECTION('',(2.39391839684798E-15,-2.02859243029651E-15,1.));
#2957=DIRECTION('center_axis',(-1.44328993201269E-15,1.,2.02859243029652E-15));
#2958=DIRECTION('ref_axis',(2.39391839684798E-15,-2.02859243029651E-15,
1.));
#2959=DIRECTION('',(-1.,-1.4432899320127E-15,2.39391839684798E-15));
#2960=DIRECTION('',(2.39391839684798E-15,-2.02859243029651E-15,1.));
#2961=DIRECTION('center_axis',(1.,1.62915316158164E-15,-2.39391839684798E-15));
#2962=DIRECTION('ref_axis',(-1.62915316158164E-15,1.,2.15105711021122E-15));
#2963=DIRECTION('',(-1.62915316158164E-15,1.,2.02859243029652E-15));
#2964=DIRECTION('',(2.39391839684798E-15,-2.02859243029651E-15,1.));
#2965=DIRECTION('center_axis',(-1.44328993201269E-15,1.,2.02859243029652E-15));
#2966=DIRECTION('ref_axis',(2.39391839684798E-15,-2.02859243029651E-15,
1.));
#2967=DIRECTION('',(-1.,-1.4432899320127E-15,2.39391839684798E-15));
#2968=DIRECTION('center_axis',(-1.44328993201269E-15,1.,2.02859243029652E-15));
#2969=DIRECTION('ref_axis',(2.39391839684798E-15,-2.02859243029651E-15,
1.));
#2970=DIRECTION('',(2.39391839684798E-15,-2.02859243029651E-15,1.));
#2971=DIRECTION('',(-1.,-1.4432899320127E-15,2.39391839684798E-15));
#2972=DIRECTION('',(2.39391839684798E-15,-2.02859243029651E-15,1.));
#2973=DIRECTION('center_axis',(1.,1.69110757143796E-15,-2.39391839684798E-15));
#2974=DIRECTION('ref_axis',(-1.69110757143795E-15,1.,2.15105711021122E-15));
#2975=DIRECTION('',(-1.69110757143795E-15,1.,2.02859243029652E-15));
#2976=DIRECTION('',(2.39391839684798E-15,-2.02859243029651E-15,1.));
#2977=DIRECTION('center_axis',(-1.56719875172532E-15,1.,2.02859243029652E-15));
#2978=DIRECTION('ref_axis',(-1.,-1.56719875172533E-15,2.39391839684798E-15));
#2979=DIRECTION('',(-1.,-1.56719875172533E-15,2.39391839684798E-15));
#2980=DIRECTION('',(2.39391839684798E-15,-2.02859243029651E-15,1.));
#2981=DIRECTION('center_axis',(1.,1.4432899320127E-15,-2.39391839684798E-15));
#2982=DIRECTION('ref_axis',(-2.39391839684799E-15,2.15105711021121E-15,
-1.));
#2983=DIRECTION('',(-1.44328993201269E-15,1.,2.02859243029652E-15));
#2984=DIRECTION('center_axis',(-1.,1.83410160463885E-29,2.33840724561673E-15));
#2985=DIRECTION('ref_axis',(1.63892332922357E-29,1.,-8.08060794581894E-16));
#2986=DIRECTION('',(2.33840724561673E-15,-2.30371277609718E-15,1.));
#2987=DIRECTION('',(-2.30224837465934E-29,-1.,-2.02859243029651E-15));
#2988=DIRECTION('',(-2.33840724561673E-15,2.30371277609718E-15,-1.));
#2989=DIRECTION('center_axis',(1.85382312726937E-29,1.,2.30371277609718E-15));
#2990=DIRECTION('ref_axis',(1.,-1.70213487223366E-29,-6.85454412522744E-16));
#2991=DIRECTION('',(-1.,1.30855384141446E-29,2.39391839684798E-15));
#2992=DIRECTION('',(-2.33840724561673E-15,2.30371277609718E-15,-1.));
#2993=DIRECTION('center_axis',(1.,-1.83410160463885E-29,-2.33840724561673E-15));
#2994=DIRECTION('ref_axis',(-1.63892332922357E-29,-1.,8.08060794581894E-16));
#2995=DIRECTION('',(2.30224837465934E-29,1.,2.02859243029651E-15));
#2996=DIRECTION('',(-2.33840724561673E-15,2.30371277609718E-15,-1.));
#2997=DIRECTION('center_axis',(-1.85382312726937E-29,-1.,-2.30371277609718E-15));
#2998=DIRECTION('ref_axis',(-1.,1.70213487223366E-29,6.85454412522744E-16));
#2999=DIRECTION('',(1.,-1.30855384141446E-29,-2.39391839684798E-15));
#3000=DIRECTION('center_axis',(-9.43689570931371E-16,1.,2.30371277609717E-15));
#3001=DIRECTION('ref_axis',(1.,9.43689570931377E-16,-2.33840724561672E-15));
#3002=DIRECTION('',(-2.33840724561673E-15,2.30371277609717E-15,-1.));
#3003=DIRECTION('',(-1.,-9.43689570931377E-16,2.39391839684798E-15));
#3004=DIRECTION('',(-2.33840724561673E-15,2.30371277609717E-15,-1.));
#3005=DIRECTION('center_axis',(1.,9.43689570931377E-16,-2.33840724561672E-15));
#3006=DIRECTION('ref_axis',(9.43689570931371E-16,-1.,-2.30371277609717E-15));
#3007=DIRECTION('',(-2.33840724561673E-15,2.30371277609717E-15,-1.));
#3008=DIRECTION('',(-9.43689570931372E-16,1.,2.02859243029651E-15));
#3009=DIRECTION('center_axis',(9.43689570931371E-16,-1.,-2.30371277609717E-15));
#3010=DIRECTION('ref_axis',(-1.,-9.43689570931377E-16,2.33840724561672E-15));
#3011=DIRECTION('',(1.,9.43689570931377E-16,-2.39391839684798E-15));
#3012=DIRECTION('',(-8.26875789665254E-16,-2.30371277609718E-15,1.));
#3013=DIRECTION('center_axis',(-1.,-9.43689570931377E-16,2.33840724561672E-15));
#3014=DIRECTION('ref_axis',(-9.43689570931371E-16,1.,2.30371277609717E-15));
#3015=DIRECTION('',(9.43689570931372E-16,-1.,-2.02859243029651E-15));
#3016=DIRECTION('center_axis',(-1.44328993201269E-15,1.,2.02859243029652E-15));
#3017=DIRECTION('ref_axis',(2.39391839684798E-15,-2.02859243029651E-15,
1.));
#3018=DIRECTION('',(2.39391839684798E-15,-2.02859243029651E-15,1.));
#3019=DIRECTION('',(-1.,-1.4432899320127E-15,2.39391839684798E-15));
#3020=DIRECTION('',(2.39391839684798E-15,-2.02859243029651E-15,1.));
#3021=DIRECTION('center_axis',(1.,1.69110757143796E-15,-2.39391839684798E-15));
#3022=DIRECTION('ref_axis',(-1.69110757143795E-15,1.,2.15105711021122E-15));
#3023=DIRECTION('',(-1.69110757143795E-15,1.,2.02859243029652E-15));
#3024=DIRECTION('',(2.39391839684798E-15,-2.02859243029651E-15,1.));
#3025=DIRECTION('center_axis',(-1.66533453693769E-15,1.,2.02859243029652E-15));
#3026=DIRECTION('ref_axis',(-1.,-1.6653345369377E-15,2.39391839684798E-15));
#3027=DIRECTION('',(-1.,-1.6653345369377E-15,2.39391839684798E-15));
#3028=DIRECTION('',(2.39391839684798E-15,-2.02859243029651E-15,1.));
#3029=DIRECTION('center_axis',(-1.,-1.6653345369377E-15,2.39391839684798E-15));
#3030=DIRECTION('ref_axis',(1.66533453693769E-15,-1.,-2.15105711021122E-15));
#3031=DIRECTION('',(1.66533453693769E-15,-1.,-2.02859243029652E-15));
#3032=DIRECTION('',(-2.39391839684798E-15,2.02859243029651E-15,-1.));
#3033=DIRECTION('center_axis',(1.66533453693769E-15,-1.,-2.02859243029651E-15));
#3034=DIRECTION('ref_axis',(1.,1.6653345369377E-15,-2.39391839684798E-15));
#3035=DIRECTION('',(1.,1.6653345369377E-15,-2.39391839684798E-15));
#3036=DIRECTION('',(2.39391839684798E-15,-2.02859243029651E-15,1.));
#3037=DIRECTION('center_axis',(1.,1.6653345369377E-15,-2.39391839684798E-15));
#3038=DIRECTION('ref_axis',(-1.66533453693769E-15,1.,2.15105711021122E-15));
#3039=DIRECTION('',(-1.66533453693769E-15,1.,2.02859243029652E-15));
#3040=DIRECTION('center_axis',(-1.56719875172532E-15,1.,2.02859243029652E-15));
#3041=DIRECTION('ref_axis',(-1.,-1.56719875172533E-15,2.39391839684798E-15));
#3042=DIRECTION('',(2.39391839684798E-15,-2.02859243029651E-15,1.));
#3043=DIRECTION('',(-1.,-1.56719875172533E-15,2.39391839684798E-15));
#3044=DIRECTION('',(2.39391839684798E-15,-2.02859243029651E-15,1.));
#3045=DIRECTION('center_axis',(1.,1.69110757143796E-15,-2.39391839684798E-15));
#3046=DIRECTION('ref_axis',(-1.69110757143795E-15,1.,2.15105711021122E-15));
#3047=DIRECTION('',(-1.69110757143795E-15,1.,2.02859243029652E-15));
#3048=DIRECTION('',(2.39391839684798E-15,-2.02859243029651E-15,1.));
#3049=DIRECTION('center_axis',(-1.44328993201269E-15,1.,2.02859243029652E-15));
#3050=DIRECTION('ref_axis',(2.39391839684798E-15,-2.02859243029651E-15,
1.));
#3051=DIRECTION('',(-1.,-1.4432899320127E-15,2.39391839684798E-15));
#3052=DIRECTION('',(2.39391839684798E-15,-2.02859243029651E-15,1.));
#3053=DIRECTION('center_axis',(1.,1.4432899320127E-15,-2.39391839684798E-15));
#3054=DIRECTION('ref_axis',(-2.39391839684799E-15,2.15105711021121E-15,
-1.));
#3055=DIRECTION('',(-1.44328993201269E-15,1.,2.02859243029652E-15));
#3056=DIRECTION('center_axis',(1.,1.4432899320127E-15,-2.39391839684798E-15));
#3057=DIRECTION('ref_axis',(-2.39391839684799E-15,2.15105711021121E-15,
-1.));
#3058=DIRECTION('',(2.39391839684798E-15,-2.02859243029651E-15,1.));
#3059=DIRECTION('',(-1.44328993201269E-15,1.,2.02859243029652E-15));
#3060=DIRECTION('',(2.39391839684798E-15,-2.02859243029651E-15,1.));
#3061=DIRECTION('center_axis',(-1.44328993201269E-15,1.,2.02859243029652E-15));
#3062=DIRECTION('ref_axis',(2.39391839684798E-15,-2.02859243029651E-15,
1.));
#3063=DIRECTION('',(-1.,-1.4432899320127E-15,2.39391839684798E-15));
#3064=DIRECTION('',(2.39391839684798E-15,-2.02859243029651E-15,1.));
#3065=DIRECTION('center_axis',(1.,1.69110757143796E-15,-2.39391839684798E-15));
#3066=DIRECTION('ref_axis',(-1.69110757143795E-15,1.,2.15105711021122E-15));
#3067=DIRECTION('',(-1.69110757143795E-15,1.,2.02859243029652E-15));
#3068=DIRECTION('',(2.39391839684798E-15,-2.02859243029651E-15,1.));
#3069=DIRECTION('center_axis',(-1.44328993201269E-15,1.,2.02859243029652E-15));
#3070=DIRECTION('ref_axis',(2.39391839684798E-15,-2.02859243029651E-15,
1.));
#3071=DIRECTION('',(-1.,-1.4432899320127E-15,2.39391839684798E-15));
#3072=DIRECTION('center_axis',(1.,1.69110757143796E-15,-2.39391839684798E-15));
#3073=DIRECTION('ref_axis',(-1.69110757143795E-15,1.,2.15105711021122E-15));
#3074=DIRECTION('',(2.39391839684798E-15,-2.02859243029651E-15,1.));
#3075=DIRECTION('',(-1.69110757143795E-15,1.,2.02859243029652E-15));
#3076=DIRECTION('',(2.39391839684798E-15,-2.02859243029651E-15,1.));
#3077=DIRECTION('center_axis',(-1.44328993201269E-15,1.,2.02859243029652E-15));
#3078=DIRECTION('ref_axis',(2.39391839684798E-15,-2.02859243029651E-15,
1.));
#3079=DIRECTION('',(-1.,-1.4432899320127E-15,2.39391839684798E-15));
#3080=DIRECTION('',(2.39391839684798E-15,-2.02859243029651E-15,1.));
#3081=DIRECTION('center_axis',(1.,1.4432899320127E-15,-2.39391839684798E-15));
#3082=DIRECTION('ref_axis',(-2.39391839684799E-15,2.15105711021121E-15,
-1.));
#3083=DIRECTION('',(-1.44328993201269E-15,1.,2.02859243029652E-15));
#3084=DIRECTION('',(2.39391839684798E-15,-2.02859243029651E-15,1.));
#3085=DIRECTION('center_axis',(-1.44328993201269E-15,1.,2.02859243029652E-15));
#3086=DIRECTION('ref_axis',(2.39391839684798E-15,-2.02859243029651E-15,
1.));
#3087=DIRECTION('',(-1.,-1.4432899320127E-15,2.39391839684798E-15));
#3088=DIRECTION('center_axis',(-1.,-9.43689570931377E-16,2.33840724561672E-15));
#3089=DIRECTION('ref_axis',(-9.43689570931371E-16,1.,2.30371277609717E-15));
#3090=DIRECTION('',(-9.43689570931371E-16,1.,2.30371277609717E-15));
#3091=DIRECTION('',(-2.33840724561673E-15,2.02859243029651E-15,-1.));
#3092=DIRECTION('',(1.44328993201269E-15,-1.,-2.02859243029652E-15));
#3093=DIRECTION('',(2.33840724561673E-15,-2.02859243029651E-15,1.));
#3094=DIRECTION('center_axis',(-1.,-1.4432899320127E-15,2.39391839684798E-15));
#3095=DIRECTION('ref_axis',(2.39391839684798E-15,-2.15105711021121E-15,
1.));
#3096=DIRECTION('',(2.39391839684798E-15,-2.02859243029651E-15,1.));
#3097=DIRECTION('',(1.44328993201269E-15,-1.,-2.02859243029652E-15));
#3098=DIRECTION('',(-2.39391839684798E-15,2.02859243029651E-15,-1.));
#3099=DIRECTION('center_axis',(1.44328993201269E-15,-1.,-2.02859243029652E-15));
#3100=DIRECTION('ref_axis',(-2.39391839684798E-15,2.02859243029651E-15,
-1.));
#3101=DIRECTION('',(2.39391839684798E-15,-2.02859243029651E-15,1.));
#3102=DIRECTION('',(1.,1.4432899320127E-15,-2.39391839684798E-15));
#3103=DIRECTION('center_axis',(-1.,-1.4432899320127E-15,2.39391839684798E-15));
#3104=DIRECTION('ref_axis',(2.39391839684798E-15,-2.15105711021121E-15,
1.));
#3105=DIRECTION('',(1.44328993201269E-15,-1.,-2.02859243029652E-15));
#3106=DIRECTION('center_axis',(-1.97215226305253E-30,0.,1.));
#3107=DIRECTION('ref_axis',(-0.707106781186547,0.707106781186547,-1.57772181044202E-30));
#3108=DIRECTION('',(-1.97215226305253E-30,0.,1.));
#3109=DIRECTION('center_axis',(-1.,-9.07725957173703E-17,-1.97215226305253E-30));
#3110=DIRECTION('ref_axis',(9.07725957173705E-17,-1.,0.));
#3111=DIRECTION('',(1.97215226305253E-30,0.,-1.));
#3112=DIRECTION('center_axis',(-1.97215226305253E-30,0.,1.));
#3113=DIRECTION('ref_axis',(-0.707106781186547,-0.707106781186547,-1.72563323017096E-30));
#3114=DIRECTION('',(-1.97215226305253E-30,0.,1.));
#3115=DIRECTION('center_axis',(-8.51969713289904E-17,-1.,-3.94430452610506E-31));
#3116=DIRECTION('ref_axis',(1.,-8.51969713289905E-17,1.97215226305253E-30));
#3117=DIRECTION('',(1.97215226305253E-30,0.,-1.));
#3118=DIRECTION('center_axis',(-1.97215226305253E-30,0.,1.));
#3119=DIRECTION('ref_axis',(0.707106778399066,-0.707106783974029,1.57772181044202E-30));
#3120=DIRECTION('center_axis',(1.,1.29184667597868E-15,-2.39391839684798E-15));
#3121=DIRECTION('ref_axis',(-1.29184667597868E-15,1.,2.15105711021121E-15));
#3122=DIRECTION('',(-1.29184667597868E-15,1.,2.02859243029651E-15));
#3123=DIRECTION('center_axis',(-2.39391839684798E-15,2.02859243029651E-15,
-1.));
#3124=DIRECTION('ref_axis',(1.,1.4432899320127E-15,-2.39391839684798E-15));
#3125=DIRECTION('',(1.,9.43689570931377E-16,-2.33840724561672E-15));
#3126=DIRECTION('',(1.,1.4432899320127E-15,-2.39391839684798E-15));
#3127=DIRECTION('center_axis',(1.44328993201269E-15,-1.,-2.02859243029652E-15));
#3128=DIRECTION('ref_axis',(-2.39391839684798E-15,2.02859243029651E-15,
-1.));
#3129=DIRECTION('',(-1.,-1.4432899320127E-15,2.33840724561672E-15));
#3130=DIRECTION('center_axis',(-2.33840724561673E-15,2.30371277609717E-15,
-1.));
#3131=DIRECTION('ref_axis',(-1.,-9.43689570931377E-16,2.33840724561672E-15));
#3132=DIRECTION('',(1.,1.4432899320127E-15,-2.33840724561672E-15));
#3133=DIRECTION('center_axis',(1.44328993201269E-15,-1.,-2.02859243029651E-15));
#3134=DIRECTION('ref_axis',(-2.39391839684798E-15,2.02859243029651E-15,
-1.));
#3135=CARTESIAN_POINT('',(0.,0.,0.));
#3136=CARTESIAN_POINT('Origin',(-38.1375124819596,44.1838305116364,1.20553253094488));
#3137=CARTESIAN_POINT('',(70.4357598975941,44.1838305116365,0.194004649630021));
#3138=CARTESIAN_POINT('',(70.4297158621347,44.1838305116365,0.194283033211526));
#3139=CARTESIAN_POINT('',(-9.85112754627939,44.1838305116364,0.194283033211528));
#3140=CARTESIAN_POINT('',(70.4357598975941,44.1838305116365,1.49400464963003));
#3141=CARTESIAN_POINT('',(70.4357598975941,44.1838305116364,0.599768590287456));
#3142=CARTESIAN_POINT('',(70.4297158621347,44.1838305116365,1.49428303321156));
#3143=CARTESIAN_POINT('',(12.6997039749451,44.1838305116364,1.49400464963002));
#3144=CARTESIAN_POINT('',(70.4297158621347,44.1838305116365,-0.00571696678844269));
#3145=CARTESIAN_POINT('Origin',(70.4357591445724,-51.3265375679533,-0.00599535036996973));
#3146=CARTESIAN_POINT('',(70.4357591642829,-48.8265375876638,0.194004649630023));
#3147=CARTESIAN_POINT('',(70.4357593574713,-24.3232689298336,0.194004649630026));
#3148=CARTESIAN_POINT('',(70.4357591642829,-48.8265375876638,1.49400464963003));
#3149=CARTESIAN_POINT('',(70.4357591642829,-48.8265375876638,-0.00599535036997279));
#3150=CARTESIAN_POINT('',(70.4357599160129,46.5200000000011,1.49400464963003));
#3151=CARTESIAN_POINT('Origin',(33.4357598963024,2.68000000000107,0.194004649630024));
#3152=CARTESIAN_POINT('',(72.9354126836986,44.1838305116365,0.194004649630026));
#3153=CARTESIAN_POINT('',(20.2622039700175,44.1838305116364,0.194004649630026));
#3154=CARTESIAN_POINT('',(72.9354126836987,-48.8198400655469,0.194004649630026));
#3155=CARTESIAN_POINT('',(72.9354126836987,-2.31992003277288,0.194004649630027));
#3156=CARTESIAN_POINT('',(67.9354126836987,-53.8198400655469,0.194004649630026));
#3157=CARTESIAN_POINT('Origin',(67.9354126836987,-48.8198400655469,0.194004649629833));
#3158=CARTESIAN_POINT('',(-31.0645873163012,-53.819840065547,0.194004649630027));
#3159=CARTESIAN_POINT('',(31.5855862900006,-53.8198400655469,0.194004649630022));
#3160=CARTESIAN_POINT('',(-33.1562803095203,-53.3612958257761,0.194004649630074));
#3161=CARTESIAN_POINT('Origin',(-31.0645873163012,-48.819840065547,0.194004649630074));
#3162=CARTESIAN_POINT('',(-36.0642803708501,-48.8199814519829,0.193976665269786));
#3163=CARTESIAN_POINT('Origin',(-31.0642401036976,-48.819999999999,0.194004649630029));
#3164=CARTESIAN_POINT('',(-36.0642401036976,44.1800000000011,0.19400464963003));
#3165=CARTESIAN_POINT('',(-36.0642401036976,0.18000000000109,0.19400464963003));
#3166=CARTESIAN_POINT('',(-36.0642696176589,44.1838305116364,0.19398320927886));
#3167=CARTESIAN_POINT('Origin',(-31.0642401036976,44.1800000000011,0.19400464963003));
#3168=CARTESIAN_POINT('',(-33.8088662407084,44.1838305116364,0.194004649630028));
#3169=CARTESIAN_POINT('',(20.2622039700175,44.1838305116364,0.194004649630026));
#3170=CARTESIAN_POINT('',(-33.8142401036976,44.0200000000011,0.194004649630028));
#3171=CARTESIAN_POINT('Origin',(-31.3142401036976,44.0200000000011,0.194004649630031));
#3172=CARTESIAN_POINT('',(-33.8142401036976,-48.8265375679533,0.194004649630027));
#3173=CARTESIAN_POINT('',(-33.8142401036976,24.6000000000011,0.194004649630027));
#3174=CARTESIAN_POINT('',(-31.3142401036976,-51.3265375679534,0.194004649630024));
#3175=CARTESIAN_POINT('Origin',(-31.3142401036976,-48.8265375679534,0.19400464963003));
#3176=CARTESIAN_POINT('',(67.9357591642829,-51.3265375679534,0.194004649630023));
#3177=CARTESIAN_POINT('',(-0.189240103697577,-51.3265375679534,0.194004649630022));
#3178=CARTESIAN_POINT('Origin',(67.9357591642829,-48.8265375679534,0.194004649630029));
#3179=CARTESIAN_POINT('Origin',(-38.1375124819596,44.1838305116364,1.20553253094488));
#3180=CARTESIAN_POINT('',(67.9358252289578,44.1838305116365,1.49428303321156));
#3181=CARTESIAN_POINT('',(67.9358252289578,44.1838305116365,2.18628303321153));
#3182=CARTESIAN_POINT('',(67.9358252289578,44.1838305116365,2.63134898230078));
#3183=CARTESIAN_POINT('',(-31.3147546642652,44.1838305116364,2.18628303321176));
#3184=CARTESIAN_POINT('',(-2.41812812072585,44.1838305116363,2.18628303321171));
#3185=CARTESIAN_POINT('',(-31.3147546642652,44.1838305116364,1.49428303321155));
#3186=CARTESIAN_POINT('',(-31.3147546642652,44.1838305116364,2.56450896093819));
#3187=CARTESIAN_POINT('',(40.8350119551014,44.1838305116364,1.49428303321156));
#3188=CARTESIAN_POINT('',(-9.91375025850149,44.1838305116364,1.49428303321155));
#3189=CARTESIAN_POINT('',(40.835011955101,44.1838305116364,-3.10571696678847));
#3190=CARTESIAN_POINT('',(40.8350119551014,44.1838305116364,-1.40009221792179));
#3191=CARTESIAN_POINT('',(50.105011955101,44.1838305116365,-3.10571696678847));
#3192=CARTESIAN_POINT('',(3.66624973657065,44.1838305116365,-3.10571696678843));
#3193=CARTESIAN_POINT('',(50.1050119551014,44.1838305116365,1.49428303321156));
#3194=CARTESIAN_POINT('',(50.1050119551014,44.1838305116364,-1.40009221792179));
#3195=CARTESIAN_POINT('',(-9.91375025850149,44.1838305116364,1.49428303321155));
#3196=CARTESIAN_POINT('Origin',(18.3100119649567,-2.40208026025558,1.49428303321156));
#3197=CARTESIAN_POINT('',(-33.8096919519319,44.1838305116364,1.49428303321156));
#3198=CARTESIAN_POINT('',(12.6993300043446,44.1838305116364,1.49428303321156));
#3199=CARTESIAN_POINT('',(-31.3149880448986,46.5211885237216,1.49428303321156));
#3200=CARTESIAN_POINT('Origin',(-31.3149880448986,44.0211885237216,1.49428303321156));
#3201=CARTESIAN_POINT('',(40.8350119551014,46.5211885237216,1.49428303321156));
#3202=CARTESIAN_POINT('',(-33.8149880448986,46.5211885237216,1.49428303321155));
#3203=CARTESIAN_POINT('',(40.8350119551014,46.5211885237216,1.49428303321156));
#3204=CARTESIAN_POINT('Origin',(18.3100119649567,-2.40208026025558,1.49428303321156));
#3205=CARTESIAN_POINT('',(50.1050119551014,46.5211885237216,1.49428303321156));
#3206=CARTESIAN_POINT('',(50.1050119551014,44.0211885237216,1.49428303321155));
#3207=CARTESIAN_POINT('',(67.9350119551014,46.5211885237216,1.49428303321155));
#3208=CARTESIAN_POINT('',(50.1050119551014,46.5211885237216,1.49428303321156));
#3209=CARTESIAN_POINT('Origin',(67.9350119551014,44.0211885237216,1.49428303321156));
#3210=CARTESIAN_POINT('',(12.6993300043446,44.1838305116364,1.49428303321156));
#3211=CARTESIAN_POINT('Origin',(-31.3149880448986,44.0211885237216,-0.00571696678844491));
#3212=CARTESIAN_POINT('',(-33.8096919519319,44.1838305116364,0.194283033211521));
#3213=CARTESIAN_POINT('',(-33.8096919519319,44.1838305116364,-0.00571696678844769));
#3214=CARTESIAN_POINT('',(-31.3149880448986,46.5211885237216,0.194283033211521));
#3215=CARTESIAN_POINT('Origin',(-31.3149880448986,44.0211885237216,0.194283033211524));
#3216=CARTESIAN_POINT('',(-31.3149880448986,46.5211885237216,-0.00571696678844796));
#3217=CARTESIAN_POINT('Origin',(40.8350119551014,46.5211885237216,-0.00571696678844796));
#3218=CARTESIAN_POINT('',(40.8350119551014,46.5211885237216,0.194283033211521));
#3219=CARTESIAN_POINT('',(29.6351346722511,46.5211885237216,0.194283033211521));
#3220=CARTESIAN_POINT('',(40.8350119551014,46.5211885237216,-0.00571696678844796));
#3221=CARTESIAN_POINT('Origin',(67.9350119551014,44.0211885237216,-0.00571696678844602));
#3222=CARTESIAN_POINT('',(67.9350119551014,46.5211885237216,0.194283033211529));
#3223=CARTESIAN_POINT('',(67.9350119551014,46.5211885237216,-0.00571696678844047));
#3224=CARTESIAN_POINT('Origin',(67.9350119551014,44.0211885237216,0.194283033211523));
#3225=CARTESIAN_POINT('Origin',(70.4350119748119,46.5211885237216,-0.0057169667884463));
#3226=CARTESIAN_POINT('',(50.1050119551014,46.5211885237216,0.194283033211526));
#3227=CARTESIAN_POINT('',(50.1050119551014,46.5211885237216,-0.00571696678844297));
#3228=CARTESIAN_POINT('',(44.4351346821064,46.5211885237216,0.194283033211521));
#3229=CARTESIAN_POINT('Origin',(18.4352573894008,46.5770632048564,0.19428303321152));
#3230=CARTESIAN_POINT('',(50.105011955101,49.1811717690543,0.194283033211523));
#3231=CARTESIAN_POINT('',(50.105011955101,47.8791174869554,0.19428303321152));
#3232=CARTESIAN_POINT('',(67.9354138618508,49.1811717690547,0.194283033211526));
#3233=CARTESIAN_POINT('',(45.6853356256258,49.1811717690547,0.194283033211525));
#3234=CARTESIAN_POINT('Origin',(67.9354138618508,44.1811717690547,0.194283033211523));
#3235=CARTESIAN_POINT('Origin',(50.105011955101,49.1811717690543,-0.00571696678847239));
#3236=CARTESIAN_POINT('',(50.105011955101,49.1811717690543,-3.10571696678846));
#3237=CARTESIAN_POINT('',(50.105011955101,44.0211885237216,-3.10571696678847));
#3238=CARTESIAN_POINT('',(50.105011955101,49.1811717690543,-0.00571696678847239));
#3239=CARTESIAN_POINT('Origin',(40.835011955101,44.1815823530534,-0.0057169667884624));
#3240=CARTESIAN_POINT('',(40.835011955101,49.1811717690542,0.194283033211527));
#3241=CARTESIAN_POINT('',(40.835011955101,45.3793227789549,0.194283033211527));
#3242=CARTESIAN_POINT('',(40.835011955101,49.1811717690542,-3.10571696678846));
#3243=CARTESIAN_POINT('',(40.835011955101,49.1811717690542,-0.0057169667884685));
#3244=CARTESIAN_POINT('',(40.835011955101,49.1811885237216,-3.10571696678846));
#3245=CARTESIAN_POINT('Origin',(45.470011955101,46.6813770610538,-3.10571696678845));
#3246=CARTESIAN_POINT('',(-31.0648990830487,49.1811717690542,-3.10571696678847));
#3247=CARTESIAN_POINT('Origin',(18.4352573894008,46.5770632048564,0.19428303321152));
#3248=CARTESIAN_POINT('',(-31.0648990830491,49.1811717690547,0.194283033211527));
#3249=CARTESIAN_POINT('',(-36.0645873163233,44.1838305116364,0.194283033211528));
#3250=CARTESIAN_POINT('Origin',(-31.0648990830491,44.1811717690547,0.194283033211524));
#3251=CARTESIAN_POINT('',(45.6853356256258,49.1811717690547,0.194283033211525));
#3252=CARTESIAN_POINT('',(12.7619527165668,44.1838305116364,0.19428303321151));
#3253=CARTESIAN_POINT('Origin',(-31.0648990830491,44.1811717690547,2.68628303321154));
#3254=CARTESIAN_POINT('',(-34.0646325357046,44.1838305116364,3.68628303321172));
#3255=CARTESIAN_POINT('',(-36.0645873163013,44.1838305116364,1.68628303321174));
#3256=CARTESIAN_POINT('',(-24.0262784762927,44.1838305116364,13.7245918732202));
#3257=CARTESIAN_POINT('',(-31.0648990830491,47.1811717690547,3.68628303321153));
#3258=CARTESIAN_POINT('Origin',(-31.0648990830491,44.1811717690547,3.68628303321152));
#3259=CARTESIAN_POINT('',(-31.0648990830491,49.1811717690547,1.68628303321154));
#3260=CARTESIAN_POINT('',(-31.0648990830491,49.1811717690547,1.68628303321154));
#3261=CARTESIAN_POINT('Origin',(-31.0648990830491,44.1811717690547,1.68628303321153));
#3262=CARTESIAN_POINT('Origin',(67.9354138618508,44.1811717690547,2.68628303321152));
#3263=CARTESIAN_POINT('',(70.9354126836986,44.1838305116365,3.68628303321152));
#3264=CARTESIAN_POINT('',(72.9354126836986,44.1838305116365,1.68628303321151));
#3265=CARTESIAN_POINT('',(54.2237215237071,44.1838305116364,20.397974193203));
#3266=CARTESIAN_POINT('',(67.9354138618508,49.1811717690547,1.68628303321152));
#3267=CARTESIAN_POINT('Origin',(67.9354138618508,44.1811717690547,1.68628303321155));
#3268=CARTESIAN_POINT('',(67.9354138618508,47.1811717690547,3.68628303321155));
#3269=CARTESIAN_POINT('',(67.9354138618508,49.1811717690547,1.68628303321152));
#3270=CARTESIAN_POINT('Origin',(67.9354138618508,44.1811717690547,3.68628303321154));
#3271=CARTESIAN_POINT('Origin',(45.6853356256258,48.1811717690547,2.68628303321153));
#3272=CARTESIAN_POINT('',(45.6853356256258,47.1811717690547,3.68628303321153));
#3273=CARTESIAN_POINT('',(45.6853356256258,49.1811717690547,1.68628303321154));
#3274=CARTESIAN_POINT('Origin',(-31.0648990830491,44.1811717690547,-0.646619165590787));
#3275=CARTESIAN_POINT('',(-36.0645873163013,44.1838305116364,5.29495724160302));
#3276=CARTESIAN_POINT('',(-31.0648990830491,49.1811717690547,-0.646619165590776));
#3277=CARTESIAN_POINT('Origin',(72.9354138618508,49.1811717690547,-1.28752136439312));
#3278=CARTESIAN_POINT('',(67.9354138618508,49.1811717690547,-0.646619165590794));
#3279=CARTESIAN_POINT('Origin',(67.9354138618508,44.1811717690547,-0.646619165590788));
#3280=CARTESIAN_POINT('',(72.9354126836986,44.1838305116365,5.19495724160277));
#3281=CARTESIAN_POINT('Origin',(7.08864804373266,44.1838305116364,6.68628303321168));
#3282=CARTESIAN_POINT('',(-36.0645873163013,44.1838305116364,5.29495724160302));
#3283=CARTESIAN_POINT('',(-31.3147546642653,44.1838305116364,1.49400464963003));
#3284=CARTESIAN_POINT('',(-31.3147546642652,44.1838305116364,2.56450896093819));
#3285=CARTESIAN_POINT('',(-33.8088662407084,44.1838305116364,1.49400464963003));
#3286=CARTESIAN_POINT('',(12.6997039749451,44.1838305116364,1.49400464963002));
#3287=CARTESIAN_POINT('',(-33.8088662407084,44.1838305116364,-0.00599535036997667));
#3288=CARTESIAN_POINT('Origin',(-31.0645873163012,-48.819840065547,3.75363144999408));
#3289=CARTESIAN_POINT('',(-31.0645873163012,-53.819840065547,1.68628303321158));
#3290=CARTESIAN_POINT('',(-31.0645873163012,-53.819840065547,3.75363144999407));
#3291=CARTESIAN_POINT('',(-36.0645873163012,-48.819840065547,1.68628303321159));
#3292=CARTESIAN_POINT('Ctrl Pts',(-31.0645873163011,-53.8198400655471,1.68628303321157));
#3293=CARTESIAN_POINT('Ctrl Pts',(-31.7380223460026,-53.8198400655471,1.68628303321157));
#3294=CARTESIAN_POINT('Ctrl Pts',(-32.476668346078,-53.678929823027,1.68628303321158));
#3295=CARTESIAN_POINT('Ctrl Pts',(-33.1685353731098,-53.3567702394687,1.68628303321159));
#3296=CARTESIAN_POINT('Ctrl Pts',(-33.8604024001415,-53.0346106559104,1.68628303321159));
#3297=CARTESIAN_POINT('Ctrl Pts',(-34.5054904541295,-52.5312017313138,1.6862830332116));
#3298=CARTESIAN_POINT('Ctrl Pts',(-34.9927089660784,-51.914552267847,1.6862830332116));
#3299=CARTESIAN_POINT('Ctrl Pts',(-35.2363182220529,-51.6062275361136,1.6862830332116));
#3300=CARTESIAN_POINT('Ctrl Pts',(-35.4404600925175,-51.2695926696626,1.6862830332116));
#3301=CARTESIAN_POINT('Ctrl Pts',(-35.6005372820333,-50.9226085540828,1.6862830332116));
#3302=CARTESIAN_POINT('Ctrl Pts',(-35.9206916610649,-50.2286403229233,1.68628303321159));
#3303=CARTESIAN_POINT('Ctrl Pts',(-36.0645873163012,-49.4932750952485,1.68628303321159));
#3304=CARTESIAN_POINT('Ctrl Pts',(-36.0645873163012,-48.8198400655471,1.68628303321158));
#3305=CARTESIAN_POINT('',(-36.0645873163012,-48.819840065547,3.75363144999409));
#3306=CARTESIAN_POINT('Ctrl Pts',(-31.0645873163011,-51.8198337309139,3.68628936784472));
#3307=CARTESIAN_POINT('Ctrl Pts',(-31.0645873163011,-52.486502509125,3.01962058963365));
#3308=CARTESIAN_POINT('Ctrl Pts',(-31.0645873163011,-53.153171287336,2.35295181142257));
#3309=CARTESIAN_POINT('Ctrl Pts',(-31.0645873163011,-53.8198400655471,1.6862830332115));
#3310=CARTESIAN_POINT('Ctrl Pts',(-31.4686474809292,-51.8198337309139,3.68628936784473));
#3311=CARTESIAN_POINT('Ctrl Pts',(-31.557752331409,-52.4865358514971,3.01962058963365));
#3312=CARTESIAN_POINT('Ctrl Pts',(-31.6489174955229,-53.1531379449639,2.35295181142258));
#3313=CARTESIAN_POINT('Ctrl Pts',(-31.7380223460026,-53.8198400655471,1.68628303321151));
#3314=CARTESIAN_POINT('Ctrl Pts',(-32.3550208093992,-51.6507417969357,3.68628936784474));
#3315=CARTESIAN_POINT('Ctrl Pts',(-32.6418620747282,-52.2798963896852,3.01962058963367));
#3316=CARTESIAN_POINT('Ctrl Pts',(-32.9284730808244,-52.9088649877575,2.35295181142259));
#3317=CARTESIAN_POINT('Ctrl Pts',(-33.2153143461535,-53.538019580507,1.68628303321152));
#3318=CARTESIAN_POINT('Ctrl Pts',(-33.3226508471831,-50.8956300044963,3.68628936784474));
#3319=CARTESIAN_POINT('Ctrl Pts',(-33.8245428056104,-51.3570022019291,3.01962058963367));
#3320=CARTESIAN_POINT('Ctrl Pts',(-34.3261425226964,-51.8181250715828,2.3529518114226));
#3321=CARTESIAN_POINT('Ctrl Pts',(-34.8280344811236,-52.2794972690156,1.68628303321153));
#3322=CARTESIAN_POINT('Ctrl Pts',(-33.9350751654133,-49.8857275376018,3.68628936784474));
#3323=CARTESIAN_POINT('Ctrl Pts',(-34.5728606303623,-50.1224430263935,3.01962058963367));
#3324=CARTESIAN_POINT('Ctrl Pts',(-35.2109583684978,-50.359607447969,2.3529518114226));
#3325=CARTESIAN_POINT('Ctrl Pts',(-35.8487438334469,-50.5963229367607,1.68628303321153));
#3326=CARTESIAN_POINT('Ctrl Pts',(-34.064580981668,-49.2239002301751,3.68628936784474));
#3327=CARTESIAN_POINT('Ctrl Pts',(-34.7319227387514,-49.3135780896017,3.01962058963367));
#3328=CARTESIAN_POINT('Ctrl Pts',(-35.3972455592179,-49.403597235822,2.35295181142259));
#3329=CARTESIAN_POINT('Ctrl Pts',(-36.0645873163012,-49.4932750952485,1.68628303321152));
#3330=CARTESIAN_POINT('Ctrl Pts',(-34.064580981668,-48.819840065547,3.68628936784473));
#3331=CARTESIAN_POINT('Ctrl Pts',(-34.7312497598791,-48.819840065547,3.01962058963366));
#3332=CARTESIAN_POINT('Ctrl Pts',(-35.3979185380902,-48.8198400655471,2.35295181142259));
#3333=CARTESIAN_POINT('Ctrl Pts',(-36.0645873163012,-48.8198400655471,1.68628303321152));
#3334=CARTESIAN_POINT('',(-31.0645873163011,-51.819840065547,3.68628303321158));
#3335=CARTESIAN_POINT('',(-34.0645873163011,-48.819840065547,3.68628303321158));
#3336=CARTESIAN_POINT('Ctrl Pts',(-31.0645873163011,-51.8198400655471,3.68628303321157));
#3337=CARTESIAN_POINT('Ctrl Pts',(-31.4686483275964,-51.8198400658639,3.68628303321157));
#3338=CARTESIAN_POINT('Ctrl Pts',(-31.9118359312691,-51.735293920488,3.68628303321158));
#3339=CARTESIAN_POINT('Ctrl Pts',(-32.3269561493411,-51.5419981704612,3.68628303321158));
#3340=CARTESIAN_POINT('Ctrl Pts',(-32.7420763674132,-51.3487024204344,3.68628303321158));
#3341=CARTESIAN_POINT('Ctrl Pts',(-33.1291291998845,-51.0466570657567,3.68628303321159));
#3342=CARTESIAN_POINT('Ctrl Pts',(-33.4214603065694,-50.6766673871136,3.68628303321159));
#3343=CARTESIAN_POINT('Ctrl Pts',(-33.5676258599119,-50.491672547792,3.68628303321159));
#3344=CARTESIAN_POINT('Ctrl Pts',(-33.6901109818078,-50.2896916274791,3.68628303321159));
#3345=CARTESIAN_POINT('Ctrl Pts',(-33.7861572960824,-50.0815011578743,3.68628303321159));
#3346=CARTESIAN_POINT('Ctrl Pts',(-33.9782499246316,-49.6651202186645,3.68628303321159));
#3347=CARTESIAN_POINT('Ctrl Pts',(-34.0645873226957,-49.223901082287,3.68628303321158));
#3348=CARTESIAN_POINT('Ctrl Pts',(-34.0645873163012,-48.819840065547,3.68628303321158));
#3349=CARTESIAN_POINT('Ctrl Pts',(-34.0645936509142,-48.819840065547,3.68627669859849));
#3350=CARTESIAN_POINT('Ctrl Pts',(-34.7312582060432,-48.819840065547,3.0196121434695));
#3351=CARTESIAN_POINT('Ctrl Pts',(-35.3979227611722,-48.8198400655471,2.35294758834051));
#3352=CARTESIAN_POINT('Ctrl Pts',(-36.0645873163012,-48.8198400655471,1.68628303321152));
#3353=CARTESIAN_POINT('Ctrl Pts',(-31.0645873163011,-53.8198400655471,1.6862830332115));
#3354=CARTESIAN_POINT('Ctrl Pts',(-31.0645873163011,-53.1531755104181,2.35294758834051));
#3355=CARTESIAN_POINT('Ctrl Pts',(-31.0645873163011,-52.4865109552891,3.01961214346951));
#3356=CARTESIAN_POINT('Ctrl Pts',(-31.0645873163011,-51.8198464001601,3.68627669859852));
#3357=CARTESIAN_POINT('Origin',(-36.0645873163012,-7.31984006554701,1.68628303321168));
#3358=CARTESIAN_POINT('',(-34.0645873163012,-7.4560077728634,3.68628303321167));
#3359=CARTESIAN_POINT('',(-36.0645873163012,-7.31984006554701,1.68628303321168));
#3360=CARTESIAN_POINT('Origin',(7.13541268369868,-6.92600777286334,3.68628303321157));
#3361=CARTESIAN_POINT('',(67.9354126836988,-51.8198400655469,3.68628303321133));
#3362=CARTESIAN_POINT('',(63.2354126836987,-51.8198400655469,3.68628303321135));
#3363=CARTESIAN_POINT('',(70.9354126836987,-48.8198400655469,3.68628303321133));
#3364=CARTESIAN_POINT('Ctrl Pts',(70.9354126836987,-48.8198400655469,3.68628303321133));
#3365=CARTESIAN_POINT('Ctrl Pts',(70.9354126836987,-49.2239010833678,3.68628303321133));
#3366=CARTESIAN_POINT('Ctrl Pts',(70.849067276303,-49.6651256892434,3.68628303321133));
#3367=CARTESIAN_POINT('Ctrl Pts',(70.6569735228696,-50.0815060055194,3.68628303321133));
#3368=CARTESIAN_POINT('Ctrl Pts',(70.560926646153,-50.2896961636573,3.68628303321133));
#3369=CARTESIAN_POINT('Ctrl Pts',(70.4384426829268,-50.4916752493953,3.68628303321133));
#3370=CARTESIAN_POINT('Ctrl Pts',(70.2922793452006,-50.6766683704203,3.68628303321133));
#3371=CARTESIAN_POINT('Ctrl Pts',(69.9999526697481,-51.0466546124703,3.68628303321133));
#3372=CARTESIAN_POINT('Ctrl Pts',(69.6129084962949,-51.348696995668,3.68628303321133));
#3373=CARTESIAN_POINT('Ctrl Pts',(69.1977887542378,-51.5419933589372,3.68628303321133));
#3374=CARTESIAN_POINT('Ctrl Pts',(68.7826690121807,-51.7352897222063,3.68628303321134));
#3375=CARTESIAN_POINT('Ctrl Pts',(68.3394737015196,-51.8198400655469,3.68628303321134));
#3376=CARTESIAN_POINT('Ctrl Pts',(67.9354126836987,-51.8198400655469,3.68628303321134));
#3377=CARTESIAN_POINT('',(70.9354126836986,18.1801599344531,3.68628303321148));
#3378=CARTESIAN_POINT('',(-18.8781396452181,-16.4330958679891,3.68628303321161));
#3379=CARTESIAN_POINT('',(-18.8781396452181,-2.43309586798906,3.68628303321164));
#3380=CARTESIAN_POINT('',(-18.8781396452181,-15.4330958679891,3.68628303321161));
#3381=CARTESIAN_POINT('',(-4.87813964521823,-2.43309586798906,3.68628303321161));
#3382=CARTESIAN_POINT('',(-11.8781396452183,-2.43309586798906,3.68628303321163));
#3383=CARTESIAN_POINT('',(-4.87813964521821,-16.4330958679891,3.68628303321158));
#3384=CARTESIAN_POINT('',(-4.87813964521821,-15.4330958679891,3.68628303321158));
#3385=CARTESIAN_POINT('',(-11.8781396452183,-16.4330958679891,3.68628303321159));
#3386=CARTESIAN_POINT('',(-18.878139645218,2.55630994635881,3.68628303321165));
#3387=CARTESIAN_POINT('',(-18.8781396452181,16.5669041320109,3.68628303321169));
#3388=CARTESIAN_POINT('',(-18.878139645218,-3.08309586798888,3.68628303321164));
#3389=CARTESIAN_POINT('',(-4.87813964521826,16.5669041320109,3.68628303321165));
#3390=CARTESIAN_POINT('',(-11.8781396452184,16.5669041320109,3.68628303321167));
#3391=CARTESIAN_POINT('',(-4.87813964521824,2.56690413201094,3.68628303321162));
#3392=CARTESIAN_POINT('',(-4.87813964521824,3.56690413201092,3.68628303321162));
#3393=CARTESIAN_POINT('',(-17.128139645218,2.56690413201111,3.68628303321165));
#3394=CARTESIAN_POINT('',(-14.6081396452181,2.56690413201113,3.68628303321164));
#3395=CARTESIAN_POINT('',(-17.128139645218,2.55630994635881,3.68628303321165));
#3396=CARTESIAN_POINT('',(-17.128139645218,3.5669041320109,3.68628303321165));
#3397=CARTESIAN_POINT('',(-6.2027954027848,2.55630994635883,3.68628303321162));
#3398=CARTESIAN_POINT('',(58.1217190730429,-0.837555206021587,3.68628303321147));
#3399=CARTESIAN_POINT('',(41.0005195171585,-0.83755520602157,3.68628303321151));
#3400=CARTESIAN_POINT('',(24.4732659893997,-0.837555206021534,3.68628303321155));
#3401=CARTESIAN_POINT('',(41.0005195171585,15.7836443498628,3.68628303321155));
#3402=CARTESIAN_POINT('',(41.0005195171585,4.02351839952862,3.68628303321152));
#3403=CARTESIAN_POINT('',(58.1217190730429,15.7836443498628,3.68628303321149));
#3404=CARTESIAN_POINT('',(32.2232659893997,15.7836443498628,3.68628303321157));
#3405=CARTESIAN_POINT('',(58.1217190730429,-3.47648160047138,3.68628303321146));
#3406=CARTESIAN_POINT('',(19.1218603547818,-35.433095867989,3.68628303321148));
#3407=CARTESIAN_POINT('',(19.1218603547818,-21.4330958679889,3.68628303321151));
#3408=CARTESIAN_POINT('',(19.1218603547818,-34.433095867989,3.68628303321148));
#3409=CARTESIAN_POINT('',(33.1218603547817,-21.433095867989,3.68628303321148));
#3410=CARTESIAN_POINT('',(26.1218603547818,-21.433095867989,3.68628303321149));
#3411=CARTESIAN_POINT('',(33.1218603547817,-35.433095867989,3.68628303321145));
#3412=CARTESIAN_POINT('',(33.1218603547817,-34.4330958679889,3.68628303321145));
#3413=CARTESIAN_POINT('',(26.1218603547818,-35.433095867989,3.68628303321146));
#3414=CARTESIAN_POINT('',(14.1218603547818,-35.4330958679891,3.68628303321149));
#3415=CARTESIAN_POINT('',(0.121860354781784,-35.4330958679891,3.68628303321152));
#3416=CARTESIAN_POINT('',(7.12186035478179,-35.4330958679891,3.68628303321151));
#3417=CARTESIAN_POINT('',(0.121860354781758,-21.433095867989,3.68628303321155));
#3418=CARTESIAN_POINT('',(0.121860354781784,-34.4330958679891,3.68628303321154));
#3419=CARTESIAN_POINT('',(14.1218603547818,-21.4330958679891,3.68628303321152));
#3420=CARTESIAN_POINT('',(7.12186035478176,-21.4330958679891,3.68628303321154));
#3421=CARTESIAN_POINT('',(14.1218603547818,-34.433095867989,3.68628303321149));
#3422=CARTESIAN_POINT('',(-4.87813964521818,-35.4330958679891,3.68628303321155));
#3423=CARTESIAN_POINT('',(-18.8781396452181,-35.4330958679891,3.68628303321157));
#3424=CARTESIAN_POINT('',(-11.8781396452183,-35.4330958679891,3.68628303321157));
#3425=CARTESIAN_POINT('',(-18.8781396452181,-21.433095867989,3.6862830332116));
#3426=CARTESIAN_POINT('',(-18.8781396452181,-34.4330958679891,3.68628303321159));
#3427=CARTESIAN_POINT('',(-4.87813964521821,-21.4330958679891,3.68628303321157));
#3428=CARTESIAN_POINT('',(-11.8781396452183,-21.4330958679891,3.68628303321158));
#3429=CARTESIAN_POINT('',(-4.87813964521818,-34.433095867989,3.68628303321155));
#3430=CARTESIAN_POINT('',(14.1218603547817,2.56690413201095,3.68628303321158));
#3431=CARTESIAN_POINT('',(0.121860354781731,2.56690413201095,3.68628303321161));
#3432=CARTESIAN_POINT('',(7.12186035478173,2.56690413201095,3.68628303321159));
#3433=CARTESIAN_POINT('',(0.121860354781704,16.5669041320109,3.68628303321164));
#3434=CARTESIAN_POINT('',(0.121860354781731,3.56690413201093,3.68628303321161));
#3435=CARTESIAN_POINT('',(14.1218603547817,16.5669041320109,3.68628303321161));
#3436=CARTESIAN_POINT('',(7.12186035478171,16.5669041320109,3.68628303321163));
#3437=CARTESIAN_POINT('',(14.1218603547817,3.56690413201093,3.68628303321158));
#3438=CARTESIAN_POINT('',(14.1218603547818,-16.4330958679891,3.68628303321153));
#3439=CARTESIAN_POINT('',(14.1218603547817,-2.43309586798903,3.68628303321157));
#3440=CARTESIAN_POINT('',(14.1218603547818,-15.4330958679891,3.68628303321154));
#3441=CARTESIAN_POINT('',(0.121860354781758,-16.4330958679891,3.68628303321157));
#3442=CARTESIAN_POINT('',(7.12186035478176,-16.4330958679891,3.68628303321155));
#3443=CARTESIAN_POINT('',(0.121860354781731,-2.43309586798905,3.6862830332116));
#3444=CARTESIAN_POINT('',(0.121860354781758,-15.4330958679891,3.68628303321157));
#3445=CARTESIAN_POINT('',(7.12186035478173,-2.43309586798905,3.68628303321158));
#3446=CARTESIAN_POINT('',(33.1218603547817,-16.433095867989,3.68628303321149));
#3447=CARTESIAN_POINT('',(33.1218603547817,-2.43309586798901,3.68628303321152));
#3448=CARTESIAN_POINT('',(33.1218603547817,-15.433095867989,3.68628303321149));
#3449=CARTESIAN_POINT('',(19.1218603547818,-16.433095867989,3.68628303321152));
#3450=CARTESIAN_POINT('',(26.1218603547818,-16.433095867989,3.68628303321151));
#3451=CARTESIAN_POINT('',(19.1218603547818,-2.43309586798901,3.68628303321155));
#3452=CARTESIAN_POINT('',(19.1218603547818,-15.433095867989,3.68628303321152));
#3453=CARTESIAN_POINT('',(26.1218603547818,-2.43309586798901,3.68628303321154));
#3454=CARTESIAN_POINT('',(33.1218603547817,2.56690413201099,3.68628303321153));
#3455=CARTESIAN_POINT('',(33.1218603547816,16.566904132011,3.68628303321157));
#3456=CARTESIAN_POINT('',(33.1218603547817,3.56690413201097,3.68628303321154));
#3457=CARTESIAN_POINT('',(19.1218603547818,2.56690413201097,3.68628303321157));
#3458=CARTESIAN_POINT('',(26.1218603547818,2.56690413201097,3.68628303321155));
#3459=CARTESIAN_POINT('',(19.1218603547817,16.566904132011,3.6862830332116));
#3460=CARTESIAN_POINT('',(19.1218603547818,3.56690413201095,3.68628303321157));
#3461=CARTESIAN_POINT('',(26.1218603547817,16.566904132011,3.68628303321158));
#3462=CARTESIAN_POINT('',(27.2659280566822,39.1754245874516,3.68628303321161));
#3463=CARTESIAN_POINT('',(27.2659280566822,24.1754245874519,3.6862830332116));
#3464=CARTESIAN_POINT('',(27.2659280566822,8.87470840729419,3.68628303321156));
#3465=CARTESIAN_POINT('',(-13.7340719433174,24.1754245874519,3.68628303321169));
#3466=CARTESIAN_POINT('',(-3.04932962980947,24.1754245874519,3.68628303321167));
#3467=CARTESIAN_POINT('',(-13.7340719433174,39.1754245874516,3.68628303321171));
#3468=CARTESIAN_POINT('',(-13.7340719433174,15.8747084072942,3.68628303321167));
#3469=CARTESIAN_POINT('',(16.9506703701905,39.1754245874516,3.68628303321164));
#3470=CARTESIAN_POINT('Origin',(29.7354126836988,-51.8198400655469,3.68628303321143));
#3471=CARTESIAN_POINT('',(67.9354126836987,-53.8198400655469,1.68628303321133));
#3472=CARTESIAN_POINT('',(-3.76458731630126,-53.819840065547,1.6862830332115));
#3473=CARTESIAN_POINT('Ctrl Pts',(67.9354126836987,-51.8198400655468,3.6862830332114));
#3474=CARTESIAN_POINT('Ctrl Pts',(67.9354126836987,-52.4865067322135,3.01961636654471));
#3475=CARTESIAN_POINT('Ctrl Pts',(67.9354126836987,-53.1531733988802,2.35294969987801));
#3476=CARTESIAN_POINT('Ctrl Pts',(67.9354126836987,-53.8198400655469,1.68628303321132));
#3477=CARTESIAN_POINT('Origin',(29.7354126836987,-53.8198400655469,3.70363144999393));
#3478=CARTESIAN_POINT('',(67.9354126836987,-53.8198400655469,3.70363144999384));
#3479=CARTESIAN_POINT('Origin',(-36.0645873163012,-7.31984006554702,3.80363144999417));
#3480=CARTESIAN_POINT('Origin',(18.3107599061576,-2.40326878397612,1.49400464963003));
#3481=CARTESIAN_POINT('',(67.9358252289578,17.7101599344531,1.49400464963003));
#3482=CARTESIAN_POINT('',(67.9358252289578,-2.16129275236842,1.49400464963003));
#3483=CARTESIAN_POINT('',(67.9357591642829,-51.3265375679534,1.49400464963003));
#3484=CARTESIAN_POINT('Origin',(67.9357591642829,-48.8265375679534,1.49400464963003));
#3485=CARTESIAN_POINT('',(-31.3142401036976,-51.3265375679534,1.49400464963002));
#3486=CARTESIAN_POINT('',(70.4357591445724,-51.3265375679534,1.49400464963002));
#3487=CARTESIAN_POINT('',(-33.8142401036976,-48.8265375679533,1.49400464963003));
#3488=CARTESIAN_POINT('Origin',(-31.3142401036976,-48.8265375679534,1.49400464963003));
#3489=CARTESIAN_POINT('',(-33.8142401036976,44.0200000000011,1.49400464963003));
#3490=CARTESIAN_POINT('',(-33.8142401036976,-51.3265375679533,1.49400464963003));
#3491=CARTESIAN_POINT('Origin',(-31.3142401036976,44.0200000000011,1.49400464963003));
#3492=CARTESIAN_POINT('',(-31.3147546642652,17.710159934453,1.49400464963002));
#3493=CARTESIAN_POINT('',(-31.3147546642652,-1.52357933831794,1.49400464963002));
#3494=CARTESIAN_POINT('',(-31.3142530998342,17.710159934453,1.49400464963003));
#3495=CARTESIAN_POINT('',(-2.99281833613228,17.710159934453,1.49400464963003));
#3496=CARTESIAN_POINT('',(-31.3142530998342,-48.8266210311541,1.49400464963003));
#3497=CARTESIAN_POINT('',(-31.3142530998342,4.31007641845548,1.49400464963003));
#3498=CARTESIAN_POINT('',(67.935755606374,-48.826621031154,1.49400464963003));
#3499=CARTESIAN_POINT('',(-1.0896723975779,-48.8266210311541,1.49400464963003));
#3500=CARTESIAN_POINT('',(67.9357556063739,-15.7502756913119,1.49400464963002));
#3501=CARTESIAN_POINT('Origin',(67.9357556063739,-29.0972825986477,-1.40823665182762));
#3502=CARTESIAN_POINT('',(67.935755606374,-48.826621031154,2.18576334817235));
#3503=CARTESIAN_POINT('',(67.935755606374,-48.826621031154,-2.00030963680359));
#3504=CARTESIAN_POINT('',(67.935755606374,-42.4260092538158,2.18576334817236));
#3505=CARTESIAN_POINT('',(67.935755606374,-37.3527407982347,2.18576334817237));
#3506=CARTESIAN_POINT('',(67.935755606374,-42.4260092538158,2.18628303321135));
#3507=CARTESIAN_POINT('',(67.935755606374,-42.4260092538158,-1.41591086021888));
#3508=CARTESIAN_POINT('',(67.9358252289578,17.7101599344531,2.18628303321147));
#3509=CARTESIAN_POINT('',(67.9357556063739,-29.0972825986477,2.18628303321139));
#3510=CARTESIAN_POINT('',(67.9358252289578,17.7101599344531,-1.41591086021877));
#3511=CARTESIAN_POINT('Origin',(49.4922493113688,7.5059085148461,5.09001252599171));
#3512=CARTESIAN_POINT('',(56.6917835022533,0.46563333731385,5.09001252599172));
#3513=CARTESIAN_POINT('',(42.3376879426847,0.465633337313847,5.09014777985607));
#3514=CARTESIAN_POINT('',(53.0920164068111,0.465633337313847,5.09001252599172));
#3515=CARTESIAN_POINT('',(56.6917835022531,14.5328590405459,5.09014777960159));
#3516=CARTESIAN_POINT('',(56.6917835022533,14.269383777696,5.09001252599171));
#3517=CARTESIAN_POINT('',(42.337687942685,14.5328590405458,5.09028303321147));
#3518=CARTESIAN_POINT('',(42.337687942685,14.5328590405458,5.09028303321147));
#3519=CARTESIAN_POINT('',(42.3376879426847,0.465633337313847,5.09028303321147));
#3520=CARTESIAN_POINT('',(55.3264734312441,1.22611969920811,5.09001252599172));
#3521=CARTESIAN_POINT('',(43.6264734312441,1.22611969920811,5.09001252599171));
#3522=CARTESIAN_POINT('',(55.7264734312441,1.22611969920811,5.09001252599172));
#3523=CARTESIAN_POINT('',(43.2264734312441,1.6261196992081,5.09001252599171));
#3524=CARTESIAN_POINT('Origin',(43.6264734312441,1.6261196992081,5.09001252599171));
#3525=CARTESIAN_POINT('',(43.2264734312441,13.3261196992081,5.09001252599172));
#3526=CARTESIAN_POINT('',(43.2264734312441,1.22611969920811,5.09001252599171));
#3527=CARTESIAN_POINT('',(43.6264734312441,13.7261196992081,5.09001252599172));
#3528=CARTESIAN_POINT('Origin',(43.6264734312441,13.3261196992081,5.09001252599172));
#3529=CARTESIAN_POINT('',(55.3264734312441,13.7261196992081,5.09001252599171));
#3530=CARTESIAN_POINT('',(43.2264734312441,13.7261196992081,5.09001252599172));
#3531=CARTESIAN_POINT('',(55.7264734312441,13.3261196992081,5.09001252599171));
#3532=CARTESIAN_POINT('Origin',(55.3264734312441,13.3261196992081,5.09001252599171));
#3533=CARTESIAN_POINT('',(55.7264734312441,1.6261196992081,5.09001252599172));
#3534=CARTESIAN_POINT('',(55.7264734312441,13.7261196992081,5.09001252599171));
#3535=CARTESIAN_POINT('Origin',(55.3264734312441,1.6261196992081,5.09001252599172));
#3536=CARTESIAN_POINT('Origin',(6.76592805668241,31.6754245874517,4.18628303321142));
#3537=CARTESIAN_POINT('',(26.7659280566824,38.6754245874518,4.18628303321144));
#3538=CARTESIAN_POINT('',(-13.2340719433176,38.6754245874517,4.18628303321148));
#3539=CARTESIAN_POINT('',(-13.2340719433176,38.6754245874517,4.18628303321148));
#3540=CARTESIAN_POINT('',(-13.2340719433176,24.6754245874517,4.18628303321149));
#3541=CARTESIAN_POINT('',(-13.2340719433176,24.6754245874517,4.18628303321149));
#3542=CARTESIAN_POINT('',(26.7659280566824,24.6754245874517,4.18628303321146));
#3543=CARTESIAN_POINT('',(26.7659280566824,24.6754245874517,4.18628303321146));
#3544=CARTESIAN_POINT('',(26.7659280566824,38.6754245874518,4.18628303321144));
#3545=CARTESIAN_POINT('',(-4.10905841497638,37.3323038346363,4.18628303321146));
#3546=CARTESIAN_POINT('',(19.8909410486236,37.3323038346363,4.18628303321146));
#3547=CARTESIAN_POINT('',(-4.10905841497638,37.3323038346363,4.18628303321146));
#3548=CARTESIAN_POINT('',(19.8909410486236,26.2323040827363,4.18628303321147));
#3549=CARTESIAN_POINT('',(19.8909410486236,37.3323038346363,4.18628303321146));
#3550=CARTESIAN_POINT('',(-4.10905841497638,26.2323040827363,4.18628303321147));
#3551=CARTESIAN_POINT('',(19.8909410486236,26.2323040827363,4.18628303321147));
#3552=CARTESIAN_POINT('',(-4.10905841497638,26.2323040827363,4.18628303321147));
#3553=CARTESIAN_POINT('Origin',(49.5611192951007,7.4730445719206,5.09028303321143));
#3554=CARTESIAN_POINT('',(41.8111192951007,-0.0269554280793827,5.09028303321141));
#3555=CARTESIAN_POINT('',(57.3111192951007,-0.0269554280793827,5.09028303321143));
#3556=CARTESIAN_POINT('',(57.3111192951007,-0.0269554280794004,5.09028303321147));
#3557=CARTESIAN_POINT('',(57.3111192951007,14.9730445719206,5.09028303321147));
#3558=CARTESIAN_POINT('',(57.3111192951007,14.9730445719206,5.09028303321145));
#3559=CARTESIAN_POINT('',(41.8111192951007,14.9730445719206,5.09028303321145));
#3560=CARTESIAN_POINT('',(41.8111192951007,14.9730445719206,5.09028303321147));
#3561=CARTESIAN_POINT('',(41.8111192951007,-0.0269554280794004,5.09028303321147));
#3562=CARTESIAN_POINT('Origin',(19.8909410486236,37.3323038346363,3.68628303321145));
#3563=CARTESIAN_POINT('',(19.8909410486236,37.3323038346363,3.68628303321145));
#3564=CARTESIAN_POINT('',(19.8909410486236,26.2323040827363,3.68628303321146));
#3565=CARTESIAN_POINT('',(19.8909410486236,37.3323038346363,3.68628303321145));
#3566=CARTESIAN_POINT('',(19.8909410486236,26.2323040827363,3.68628303321146));
#3567=CARTESIAN_POINT('',(19.8909410486236,37.3323038346363,3.68628303321145));
#3568=CARTESIAN_POINT('Origin',(19.8909410486236,26.2323040827363,3.68628303321146));
#3569=CARTESIAN_POINT('',(-4.10905841497639,26.2323040827363,3.68628303321148));
#3570=CARTESIAN_POINT('',(19.8909410486236,26.2323040827363,3.68628303321146));
#3571=CARTESIAN_POINT('',(-4.10905841497639,26.2323040827363,3.68628303321148));
#3572=CARTESIAN_POINT('Origin',(-4.10905841497639,26.2323040827363,3.68628303321148));
#3573=CARTESIAN_POINT('',(-4.10905841497639,37.3323038346363,3.68628303321147));
#3574=CARTESIAN_POINT('',(-4.10905841497639,26.2323040827363,3.68628303321148));
#3575=CARTESIAN_POINT('',(-4.10905841497639,37.3323038346363,3.68628303321147));
#3576=CARTESIAN_POINT('Origin',(-4.10905841497639,37.3323038346363,3.68628303321147));
#3577=CARTESIAN_POINT('',(-4.10905841497639,37.3323038346363,3.68628303321147));
#3578=CARTESIAN_POINT('Origin',(55.7264734312441,1.22611969920811,4.79001252599173));
#3579=CARTESIAN_POINT('',(43.6264734312441,1.22611969920811,4.79001252599174));
#3580=CARTESIAN_POINT('',(43.6264734312441,1.22611969920811,4.79001252599174));
#3581=CARTESIAN_POINT('',(55.3264734312441,1.22611969920811,4.79001252599171));
#3582=CARTESIAN_POINT('',(55.3264734312441,1.22611969920811,4.79001252599173));
#3583=CARTESIAN_POINT('',(55.7264734312441,1.22611969920811,4.79001252599173));
#3584=CARTESIAN_POINT('Origin',(43.6264734312441,1.6261196992081,4.79001252599172));
#3585=CARTESIAN_POINT('',(43.2264734312441,1.6261196992081,4.79001252599172));
#3586=CARTESIAN_POINT('Origin',(43.6264734312441,1.6261196992081,4.79001252599172));
#3587=CARTESIAN_POINT('',(43.2264734312441,1.6261196992081,4.79001252599172));
#3588=CARTESIAN_POINT('Origin',(43.2264734312441,1.22611969920811,4.79001252599172));
#3589=CARTESIAN_POINT('',(43.2264734312441,13.3261196992081,4.79001252599173));
#3590=CARTESIAN_POINT('',(43.2264734312441,1.22611969920811,4.79001252599172));
#3591=CARTESIAN_POINT('',(43.2264734312441,13.3261196992081,4.79001252599173));
#3592=CARTESIAN_POINT('Origin',(43.6264734312441,13.3261196992081,4.79001252599173));
#3593=CARTESIAN_POINT('',(43.6264734312441,13.7261196992081,4.79001252599173));
#3594=CARTESIAN_POINT('Origin',(43.6264734312441,13.3261196992081,4.79001252599173));
#3595=CARTESIAN_POINT('',(43.6264734312441,13.7261196992081,4.79001252599173));
#3596=CARTESIAN_POINT('Origin',(43.2264734312441,13.7261196992081,4.79001252599173));
#3597=CARTESIAN_POINT('',(55.3264734312441,13.7261196992081,4.79001252599172));
#3598=CARTESIAN_POINT('',(55.3264734312441,13.7261196992081,4.79001252599172));
#3599=CARTESIAN_POINT('',(43.2264734312441,13.7261196992081,4.79001252599173));
#3600=CARTESIAN_POINT('Origin',(55.3264734312441,13.3261196992081,4.79001252599172));
#3601=CARTESIAN_POINT('',(55.7264734312441,13.3261196992081,4.79001252599174));
#3602=CARTESIAN_POINT('Origin',(55.3264734312441,13.3261196992081,4.79001252599172));
#3603=CARTESIAN_POINT('',(55.7264734312441,13.3261196992081,4.79001252599174));
#3604=CARTESIAN_POINT('Origin',(55.7264734312441,13.7261196992081,4.79001252599174));
#3605=CARTESIAN_POINT('',(55.7264734312441,1.6261196992081,4.79001252599173));
#3606=CARTESIAN_POINT('',(55.7264734312441,1.6261196992081,4.79001252599173));
#3607=CARTESIAN_POINT('',(55.7264734312441,13.7261196992081,4.79001252599174));
#3608=CARTESIAN_POINT('Origin',(55.3264734312441,1.6261196992081,4.79001252599173));
#3609=CARTESIAN_POINT('Origin',(55.3264734312441,1.6261196992081,4.79001252599171));
#3610=CARTESIAN_POINT('Origin',(67.9354126836987,-48.8198400655469,3.70363144999385));
#3611=CARTESIAN_POINT('',(72.9354126836987,-48.8198400655469,1.68628303321133));
#3612=CARTESIAN_POINT('',(72.9354126836988,-48.8198400655469,3.70363144999384));
#3613=CARTESIAN_POINT('Ctrl Pts',(72.9354126836987,-48.8198400655469,1.68628303321133));
#3614=CARTESIAN_POINT('Ctrl Pts',(72.9354126836987,-49.4932750952484,1.68628303321132));
#3615=CARTESIAN_POINT('Ctrl Pts',(72.7915036713725,-50.2286494383745,1.68628303321132));
#3616=CARTESIAN_POINT('Ctrl Pts',(72.4713474156502,-50.9226166321677,1.68628303321132));
#3617=CARTESIAN_POINT('Ctrl Pts',(72.3112692877891,-51.2696002290643,1.68628303321132));
#3618=CARTESIAN_POINT('Ctrl Pts',(72.1071293490789,-51.6062320386277,1.68628303321132));
#3619=CARTESIAN_POINT('Ctrl Pts',(71.8635237862018,-51.9145539070026,1.68628303321132));
#3620=CARTESIAN_POINT('Ctrl Pts',(71.3763126604476,-52.5311976437526,1.68628303321132));
#3621=CARTESIAN_POINT('Ctrl Pts',(70.7312390380257,-53.0346016157488,1.68628303321132));
#3622=CARTESIAN_POINT('Ctrl Pts',(70.0393728012639,-53.3567622211974,1.68628303321132));
#3623=CARTESIAN_POINT('Ctrl Pts',(69.347506564502,-53.678922826646,1.68628303321133));
#3624=CARTESIAN_POINT('Ctrl Pts',(68.6088477134002,-53.8198400655469,1.68628303321133));
#3625=CARTESIAN_POINT('Ctrl Pts',(67.9354126836987,-53.8198400655469,1.68628303321133));
#3626=CARTESIAN_POINT('Origin',(26.7659280566824,39.028977978045,3.83272964261817));
#3627=CARTESIAN_POINT('',(-6.80310753704645,32.2444601811806,10.6172474394826));
#3628=CARTESIAN_POINT('',(24.6682969837446,36.5777935145139,6.28391410614928));
#3629=CARTESIAN_POINT('Origin',(-13.5876253339109,38.6754245874517,3.83272964261823));
#3630=CARTESIAN_POINT('',(-11.1364408703798,26.7730556603895,6.2839141061493));
#3631=CARTESIAN_POINT('Origin',(-13.2340719433176,24.3218711968584,3.83272964261821));
#3632=CARTESIAN_POINT('',(20.3349636504113,31.1063889937229,10.6172474394826));
#3633=CARTESIAN_POINT('Origin',(27.1194814472756,24.6754245874517,3.83272964261817));
#3634=CARTESIAN_POINT('Ctrl Pts',(67.9354126836987,-53.8198400655469,1.68628303321132));
#3635=CARTESIAN_POINT('Ctrl Pts',(67.9354126836987,-53.1531733988802,2.35294969987801));
#3636=CARTESIAN_POINT('Ctrl Pts',(67.9354126836987,-52.4865067322135,3.01961636654471));
#3637=CARTESIAN_POINT('Ctrl Pts',(67.9354126836987,-51.8198400655468,3.6862830332114));
#3638=CARTESIAN_POINT('Ctrl Pts',(68.6088477134002,-53.8198400655469,1.68628303321132));
#3639=CARTESIAN_POINT('Ctrl Pts',(68.5197431451428,-53.1531400566137,2.35294969987801));
#3640=CARTESIAN_POINT('Ctrl Pts',(68.428578269777,-52.48654007448,3.01961636654471));
#3641=CARTESIAN_POINT('Ctrl Pts',(68.3394737015196,-51.8198400655468,3.6862830332114));
#3642=CARTESIAN_POINT('Ctrl Pts',(70.0861654156038,-53.5380055877451,1.68628303321131));
#3643=CARTESIAN_POINT('Ctrl Pts',(69.799325058789,-52.908852987721,2.35294969987801));
#3644=CARTESIAN_POINT('Ctrl Pts',(69.5127046796566,-52.2798919788898,3.0196163665447));
#3645=CARTESIAN_POINT('Ctrl Pts',(69.2258643228418,-51.6507393788657,3.6862830332114));
#3646=CARTESIAN_POINT('Ctrl Pts',(71.6988494716586,-52.2794956577545,1.68628303321131));
#3647=CARTESIAN_POINT('Ctrl Pts',(71.196959102877,-51.8181249216288,2.352949699878));
#3648=CARTESIAN_POINT('Ctrl Pts',(70.6953651252561,-51.357004156997,3.0196163665447));
#3649=CARTESIAN_POINT('Ctrl Pts',(70.1934747564746,-50.8956334208714,3.68628303321139));
#3650=CARTESIAN_POINT('Ctrl Pts',(72.7195491652095,-50.5963366099376,1.68628303321131));
#3651=CARTESIAN_POINT('Ctrl Pts',(72.0817657203225,-50.3596218708964,2.35294969987801));
#3652=CARTESIAN_POINT('Ctrl Pts',(71.4436780174921,-50.1224527312224,3.0196163665447));
#3653=CARTESIAN_POINT('Ctrl Pts',(70.8058945726051,-49.8857379921813,3.68628303321139));
#3654=CARTESIAN_POINT('Ctrl Pts',(72.9354126836987,-49.4932750952484,1.68628303321131));
#3655=CARTESIAN_POINT('Ctrl Pts',(72.2680730402913,-49.4035975198591,2.35294969987801));
#3656=CARTESIAN_POINT('Ctrl Pts',(71.6027523271061,-49.313578658757,3.0196163665447));
#3657=CARTESIAN_POINT('Ctrl Pts',(70.9354126836987,-49.2239010833678,3.6862830332114));
#3658=CARTESIAN_POINT('Ctrl Pts',(72.9354126836987,-48.8198400655469,1.68628303321132));
#3659=CARTESIAN_POINT('Ctrl Pts',(72.268746017032,-48.8198400655469,2.35294969987801));
#3660=CARTESIAN_POINT('Ctrl Pts',(71.6020793503654,-48.8198400655469,3.0196163665447));
#3661=CARTESIAN_POINT('Ctrl Pts',(70.9354126836987,-48.8198400655469,3.6862830332114));
#3662=CARTESIAN_POINT('Ctrl Pts',(72.9354126836987,-48.8198400655469,1.68628303321132));
#3663=CARTESIAN_POINT('Ctrl Pts',(72.268746017032,-48.8198400655469,2.35294969987801));
#3664=CARTESIAN_POINT('Ctrl Pts',(71.6020793503654,-48.8198400655469,3.0196163665447));
#3665=CARTESIAN_POINT('Ctrl Pts',(70.9354126836987,-48.8198400655469,3.6862830332114));
#3666=CARTESIAN_POINT('Origin',(58.0131192951007,-0.0269554280794004,3.8743833662981));
#3667=CARTESIAN_POINT('',(56.3727192951007,14.0346445719206,6.7156395110341));
#3668=CARTESIAN_POINT('',(56.3227192951007,0.961444571920644,6.80224205141253));
#3669=CARTESIAN_POINT('Origin',(57.3111192951007,15.6750445719206,3.8743833662981));
#3670=CARTESIAN_POINT('',(42.7995192951007,13.9846445719206,6.80224205141252));
#3671=CARTESIAN_POINT('Origin',(41.1091192951007,14.9730445719206,3.8743833662981));
#3672=CARTESIAN_POINT('',(42.7495192951007,0.911444571920619,6.71563951103407));
#3673=CARTESIAN_POINT('Origin',(41.8111192951007,-0.728955428079363,3.87438336629811));
#3674=CARTESIAN_POINT('Origin',(6.77045715742271,31.6752578078225,3.68628303321147));
#3675=CARTESIAN_POINT('',(26.2702598963018,25.275400000001,3.68628303321146));
#3676=CARTESIAN_POINT('',(26.2702598963018,38.0754000000011,3.68628303321144));
#3677=CARTESIAN_POINT('',(26.2702598963018,34.8753289039117,3.68628303321145));
#3678=CARTESIAN_POINT('',(-12.7297401036981,25.2754000000008,3.68628303321148));
#3679=CARTESIAN_POINT('',(16.5203585268623,25.275400000001,3.68628303321147));
#3680=CARTESIAN_POINT('',(-12.7297401036982,38.075400000001,3.68628303321147));
#3681=CARTESIAN_POINT('',(-12.7297401036982,28.4753289039118,3.68628303321149));
#3682=CARTESIAN_POINT('',(-2.97964147313776,38.075400000001,3.68628303321147));
#3683=CARTESIAN_POINT('Origin',(49.4922493113688,7.5059085148461,4.79001252599172));
#3684=CARTESIAN_POINT('',(56.6917835022533,0.465633337313864,4.79001252599172));
#3685=CARTESIAN_POINT('',(42.3376879426852,0.465633337313829,4.79001252599172));
#3686=CARTESIAN_POINT('',(53.0920164068111,0.465633337313847,4.79001252599171));
#3687=CARTESIAN_POINT('',(42.3376879426853,14.5328590405459,4.79001252599174));
#3688=CARTESIAN_POINT('',(42.3376879426853,3.98577092607997,4.79001252599171));
#3689=CARTESIAN_POINT('',(56.6917835022533,14.5328590405459,4.79001252599174));
#3690=CARTESIAN_POINT('',(45.9149686270271,14.5328590405459,4.79001252599173));
#3691=CARTESIAN_POINT('',(56.6917835022533,7.76938377769602,4.79001252599172));
#3692=CARTESIAN_POINT('Origin',(72.9354126836987,-7.3198400655469,3.70363144999391));
#3693=CARTESIAN_POINT('',(72.9354126836987,-48.8198400655469,1.68628303321133));
#3694=CARTESIAN_POINT('Origin',(70.9354126836987,-7.45600777286327,3.68628303321142));
#3695=CARTESIAN_POINT('Origin',(26.1218603547818,2.56690413201097,2.18628303321155));
#3696=CARTESIAN_POINT('',(33.1218603547817,2.56690413201099,2.18628303321153));
#3697=CARTESIAN_POINT('',(33.1218603547817,2.56690413201099,2.18628303321153));
#3698=CARTESIAN_POINT('',(19.1218603547818,2.56690413201097,2.18628303321156));
#3699=CARTESIAN_POINT('',(26.1218603547818,2.56690413201097,2.18628303321155));
#3700=CARTESIAN_POINT('',(19.1218603547818,2.56690413201097,2.18628303321156));
#3701=CARTESIAN_POINT('Origin',(19.1218603547818,9.56690413201095,2.18628303321158));
#3702=CARTESIAN_POINT('',(19.1218603547817,16.566904132011,2.18628303321159));
#3703=CARTESIAN_POINT('',(19.1218603547818,9.56690413201095,2.18628303321158));
#3704=CARTESIAN_POINT('',(19.1218603547817,16.566904132011,2.18628303321159));
#3705=CARTESIAN_POINT('Origin',(26.1218603547817,16.566904132011,2.18628303321156));
#3706=CARTESIAN_POINT('',(33.1218603547816,16.566904132011,2.18628303321154));
#3707=CARTESIAN_POINT('',(26.1218603547817,16.566904132011,2.18628303321156));
#3708=CARTESIAN_POINT('',(33.1218603547816,16.566904132011,2.18628303321154));
#3709=CARTESIAN_POINT('Origin',(33.1218603547816,9.56690413201096,2.18628303321155));
#3710=CARTESIAN_POINT('',(33.1218603547816,9.56690413201096,2.18628303321155));
#3711=CARTESIAN_POINT('Origin',(7.12186035478176,-16.4330958679891,2.18628303321155));
#3712=CARTESIAN_POINT('',(14.1218603547818,-16.4330958679891,2.18628303321153));
#3713=CARTESIAN_POINT('',(14.1218603547818,-16.4330958679891,2.18628303321153));
#3714=CARTESIAN_POINT('',(0.121860354781758,-16.4330958679891,2.18628303321156));
#3715=CARTESIAN_POINT('',(7.12186035478176,-16.4330958679891,2.18628303321155));
#3716=CARTESIAN_POINT('',(0.121860354781758,-16.4330958679891,2.18628303321156));
#3717=CARTESIAN_POINT('Origin',(0.121860354781749,-9.43309586798906,2.18628303321158));
#3718=CARTESIAN_POINT('',(0.121860354781731,-2.43309586798905,2.18628303321159));
#3719=CARTESIAN_POINT('',(0.121860354781749,-9.43309586798906,2.18628303321158));
#3720=CARTESIAN_POINT('',(0.121860354781731,-2.43309586798905,2.18628303321159));
#3721=CARTESIAN_POINT('Origin',(7.12186035478173,-2.43309586798905,2.18628303321158));
#3722=CARTESIAN_POINT('',(14.1218603547817,-2.43309586798903,2.18628303321156));
#3723=CARTESIAN_POINT('',(7.12186035478173,-2.43309586798905,2.18628303321158));
#3724=CARTESIAN_POINT('',(14.1218603547817,-2.43309586798903,2.18628303321156));
#3725=CARTESIAN_POINT('Origin',(14.1218603547817,-9.43309586798906,2.18628303321155));
#3726=CARTESIAN_POINT('',(14.1218603547817,-9.43309586798906,2.18628303321155));
#3727=CARTESIAN_POINT('Origin',(0.121860354781722,9.56690413201093,2.18628303321162));
#3728=CARTESIAN_POINT('',(0.121860354781731,2.56690413201095,2.18628303321161));
#3729=CARTESIAN_POINT('',(0.121860354781731,2.56690413201095,2.18628303321161));
#3730=CARTESIAN_POINT('',(0.121860354781704,16.5669041320109,2.18628303321164));
#3731=CARTESIAN_POINT('',(0.121860354781722,9.56690413201093,2.18628303321162));
#3732=CARTESIAN_POINT('',(0.121860354781704,16.5669041320109,2.18628303321164));
#3733=CARTESIAN_POINT('Origin',(7.12186035478171,16.5669041320109,2.18628303321162));
#3734=CARTESIAN_POINT('',(14.1218603547817,16.5669041320109,2.18628303321161));
#3735=CARTESIAN_POINT('',(7.12186035478171,16.5669041320109,2.18628303321162));
#3736=CARTESIAN_POINT('',(14.1218603547817,16.5669041320109,2.18628303321161));
#3737=CARTESIAN_POINT('Origin',(14.1218603547817,9.56690413201093,2.18628303321159));
#3738=CARTESIAN_POINT('',(14.1218603547817,2.56690413201095,2.18628303321157));
#3739=CARTESIAN_POINT('',(14.1218603547817,9.56690413201093,2.18628303321159));
#3740=CARTESIAN_POINT('',(14.1218603547817,2.56690413201095,2.18628303321157));
#3741=CARTESIAN_POINT('Origin',(7.12186035478173,2.56690413201095,2.18628303321159));
#3742=CARTESIAN_POINT('',(7.12186035478173,2.56690413201095,2.18628303321159));
#3743=CARTESIAN_POINT('Origin',(0.121860354781775,-28.4330958679891,2.18628303321155));
#3744=CARTESIAN_POINT('',(0.121860354781784,-35.4330958679891,2.18628303321154));
#3745=CARTESIAN_POINT('',(0.121860354781784,-35.4330958679891,2.18628303321154));
#3746=CARTESIAN_POINT('',(0.121860354781758,-21.433095867989,2.18628303321157));
#3747=CARTESIAN_POINT('',(0.121860354781775,-28.4330958679891,2.18628303321155));
#3748=CARTESIAN_POINT('',(0.121860354781758,-21.433095867989,2.18628303321157));
#3749=CARTESIAN_POINT('Origin',(7.12186035478176,-21.4330958679891,2.18628303321155));
#3750=CARTESIAN_POINT('',(14.1218603547818,-21.4330958679891,2.18628303321152));
#3751=CARTESIAN_POINT('',(7.12186035478176,-21.4330958679891,2.18628303321155));
#3752=CARTESIAN_POINT('',(14.1218603547818,-21.4330958679891,2.18628303321152));
#3753=CARTESIAN_POINT('Origin',(14.1218603547818,-28.433095867989,2.18628303321152));
#3754=CARTESIAN_POINT('',(14.1218603547818,-35.433095867989,2.1862830332115));
#3755=CARTESIAN_POINT('',(14.1218603547818,-28.433095867989,2.18628303321152));
#3756=CARTESIAN_POINT('',(14.1218603547818,-35.433095867989,2.1862830332115));
#3757=CARTESIAN_POINT('Origin',(7.12186035478179,-35.4330958679891,2.18628303321152));
#3758=CARTESIAN_POINT('',(7.12186035478179,-35.4330958679891,2.18628303321152));
#3759=CARTESIAN_POINT('Origin',(26.1218603547818,-16.433095867989,2.1862830332115));
#3760=CARTESIAN_POINT('',(33.1218603547817,-16.433095867989,2.18628303321149));
#3761=CARTESIAN_POINT('',(33.1218603547817,-16.433095867989,2.18628303321149));
#3762=CARTESIAN_POINT('',(19.1218603547818,-16.433095867989,2.18628303321152));
#3763=CARTESIAN_POINT('',(26.1218603547818,-16.433095867989,2.1862830332115));
#3764=CARTESIAN_POINT('',(19.1218603547818,-16.433095867989,2.18628303321152));
#3765=CARTESIAN_POINT('Origin',(19.1218603547818,-9.43309586798902,2.18628303321153));
#3766=CARTESIAN_POINT('',(19.1218603547818,-2.43309586798901,2.18628303321155));
#3767=CARTESIAN_POINT('',(19.1218603547818,-9.43309586798902,2.18628303321153));
#3768=CARTESIAN_POINT('',(19.1218603547818,-2.43309586798901,2.18628303321155));
#3769=CARTESIAN_POINT('Origin',(26.1218603547818,-2.43309586798901,2.18628303321153));
#3770=CARTESIAN_POINT('',(33.1218603547817,-2.43309586798901,2.18628303321152));
#3771=CARTESIAN_POINT('',(26.1218603547818,-2.43309586798901,2.18628303321153));
#3772=CARTESIAN_POINT('',(33.1218603547817,-2.43309586798901,2.18628303321152));
#3773=CARTESIAN_POINT('Origin',(33.1218603547817,-9.43309586798902,2.1862830332115));
#3774=CARTESIAN_POINT('',(33.1218603547817,-9.43309586798902,2.1862830332115));
#3775=CARTESIAN_POINT('Origin',(-12.7297401036982,25.275400000001,3.68628303321148));
#3776=CARTESIAN_POINT('',(-12.7297401036982,25.275400000001,2.18628303321149));
#3777=CARTESIAN_POINT('',(-12.7297401036981,25.2754000000008,3.68628303321148));
#3778=CARTESIAN_POINT('',(-12.7297401036982,38.075400000001,2.18628303321149));
#3779=CARTESIAN_POINT('',(-12.7297401036982,11.9587376701598,2.18628303321166));
#3780=CARTESIAN_POINT('',(-12.7297401036982,38.075400000001,3.68628303321147));
#3781=CARTESIAN_POINT('Origin',(-12.7297401036982,38.075400000001,3.68628303321147));
#3782=CARTESIAN_POINT('',(26.2702598963018,38.0754000000011,2.18628303321145));
#3783=CARTESIAN_POINT('',(-2.79716370999976,38.075400000001,2.18628303321168));
#3784=CARTESIAN_POINT('',(26.2702598963018,38.0754000000011,3.68628303321145));
#3785=CARTESIAN_POINT('Origin',(26.2702598963018,38.0754000000011,3.68628303321145));
#3786=CARTESIAN_POINT('',(26.2702598963018,25.275400000001,2.18628303321147));
#3787=CARTESIAN_POINT('',(26.2702598963018,18.3587376701598,2.18628303321156));
#3788=CARTESIAN_POINT('',(26.2702598963018,25.275400000001,3.68628303321146));
#3789=CARTESIAN_POINT('Origin',(26.2702598963018,25.275400000001,3.68628303321146));
#3790=CARTESIAN_POINT('',(16.7028362900002,25.275400000001,2.1862830332116));
#3791=CARTESIAN_POINT('Origin',(42.3376879426853,14.5328590405459,3.68628303321154));
#3792=CARTESIAN_POINT('',(42.3376879426853,14.5328590405459,2.18628303321155));
#3793=CARTESIAN_POINT('',(42.3376879426853,14.5328590405459,3.68628303321154));
#3794=CARTESIAN_POINT('',(56.6917835022533,14.5328590405459,2.18628303321152));
#3795=CARTESIAN_POINT('',(24.736550313192,14.5328590405459,2.18628303321156));
#3796=CARTESIAN_POINT('',(56.6917835022533,14.5328590405459,3.68628303321151));
#3797=CARTESIAN_POINT('Origin',(56.6917835022533,14.5328590405459,3.68628303321151));
#3798=CARTESIAN_POINT('',(56.6917835022533,0.465633337313864,2.18628303321149));
#3799=CARTESIAN_POINT('',(56.6917835022533,0.465633337313864,3.68628303321147));
#3800=CARTESIAN_POINT('',(56.6917835022533,6.58746719043229,2.18628303321147));
#3801=CARTESIAN_POINT('Origin',(56.6917835022533,0.465633337313864,3.68628303321147));
#3802=CARTESIAN_POINT('',(42.3376879426853,0.465633337313847,2.18628303321152));
#3803=CARTESIAN_POINT('',(31.913598092976,0.465633337313829,2.18628303321153));
#3804=CARTESIAN_POINT('',(42.3376879426851,0.465633337313829,3.68628303321144));
#3805=CARTESIAN_POINT('Origin',(42.3376879426853,0.465633337313847,3.68628303321151));
#3806=CARTESIAN_POINT('',(42.3376879426853,-0.446145661183763,2.1862830332115));
#3807=CARTESIAN_POINT('Origin',(-11.8781396452184,16.5669041320109,2.18628303321167));
#3808=CARTESIAN_POINT('',(-18.8781396452181,16.5669041320109,2.18628303321168));
#3809=CARTESIAN_POINT('',(-18.8781396452181,16.5669041320109,2.18628303321168));
#3810=CARTESIAN_POINT('',(-4.87813964521826,16.5669041320109,2.18628303321165));
#3811=CARTESIAN_POINT('',(-11.8781396452184,16.5669041320109,2.18628303321167));
#3812=CARTESIAN_POINT('',(-4.87813964521826,16.5669041320109,2.18628303321165));
#3813=CARTESIAN_POINT('Origin',(-4.87813964521825,9.56690413201091,2.18628303321163));
#3814=CARTESIAN_POINT('',(-4.87813964521824,2.56690413201092,2.18628303321162));
#3815=CARTESIAN_POINT('',(-4.87813964521825,9.56690413201091,2.18628303321163));
#3816=CARTESIAN_POINT('',(-4.87813964521824,2.56690413201092,2.18628303321162));
#3817=CARTESIAN_POINT('Origin',(-14.6081396452181,2.56690413201113,2.18628303321164));
#3818=CARTESIAN_POINT('',(-17.128139645218,2.56690413201111,2.18628303321165));
#3819=CARTESIAN_POINT('',(-14.6081396452181,2.56690413201113,2.18628303321164));
#3820=CARTESIAN_POINT('',(-17.128139645218,2.56690413201111,2.18628303321165));
#3821=CARTESIAN_POINT('Origin',(-17.128139645218,9.56690413201089,2.18628303321166));
#3822=CARTESIAN_POINT('',(-17.128139645218,2.55630994635881,2.18628303321165));
#3823=CARTESIAN_POINT('',(-17.128139645218,9.56690413201089,2.18628303321166));
#3824=CARTESIAN_POINT('',(-17.128139645218,2.55630994635881,2.27152410576926));
#3825=CARTESIAN_POINT('Origin',(-19.5410034892682,2.55630994635881,2.35676517832686));
#3826=CARTESIAN_POINT('',(-18.878139645218,2.55630994635881,2.18628303321165));
#3827=CARTESIAN_POINT('',(-6.20279540278479,2.55630994635883,2.18628303321162));
#3828=CARTESIAN_POINT('',(-18.878139645218,2.55630994635881,2.27152410576926));
#3829=CARTESIAN_POINT('Origin',(-18.878139645218,2.91690413201112,2.18628303321165));
#3830=CARTESIAN_POINT('',(-18.878139645218,2.91690413201112,2.18628303321165));
#3831=CARTESIAN_POINT('Origin',(-11.8781396452183,-2.43309586798906,2.18628303321162));
#3832=CARTESIAN_POINT('',(-18.8781396452181,-2.43309586798906,2.18628303321164));
#3833=CARTESIAN_POINT('',(-18.8781396452181,-2.43309586798906,2.18628303321164));
#3834=CARTESIAN_POINT('',(-4.87813964521823,-2.43309586798906,2.18628303321161));
#3835=CARTESIAN_POINT('',(-11.8781396452183,-2.43309586798906,2.18628303321162));
#3836=CARTESIAN_POINT('',(-4.87813964521823,-2.43309586798906,2.18628303321161));
#3837=CARTESIAN_POINT('Origin',(-4.87813964521822,-9.43309586798907,2.18628303321159));
#3838=CARTESIAN_POINT('',(-4.87813964521821,-16.4330958679891,2.18628303321157));
#3839=CARTESIAN_POINT('',(-4.87813964521822,-9.43309586798907,2.18628303321159));
#3840=CARTESIAN_POINT('',(-4.87813964521821,-16.4330958679891,2.18628303321157));
#3841=CARTESIAN_POINT('Origin',(-11.8781396452183,-16.4330958679891,2.18628303321161));
#3842=CARTESIAN_POINT('',(-18.8781396452181,-16.4330958679891,2.18628303321162));
#3843=CARTESIAN_POINT('',(-11.8781396452183,-16.4330958679891,2.18628303321161));
#3844=CARTESIAN_POINT('',(-18.8781396452181,-16.4330958679891,2.18628303321162));
#3845=CARTESIAN_POINT('Origin',(-18.8781396452181,-9.43309586798907,2.18628303321162));
#3846=CARTESIAN_POINT('',(-18.8781396452181,-9.43309586798907,2.18628303321162));
#3847=CARTESIAN_POINT('Origin',(-18.8781396452181,-28.4330958679891,2.1862830332116));
#3848=CARTESIAN_POINT('',(-18.8781396452181,-35.4330958679891,2.18628303321158));
#3849=CARTESIAN_POINT('',(-18.8781396452181,-35.4330958679891,2.18628303321158));
#3850=CARTESIAN_POINT('',(-18.8781396452181,-21.433095867989,2.18628303321161));
#3851=CARTESIAN_POINT('',(-18.8781396452181,-28.4330958679891,2.1862830332116));
#3852=CARTESIAN_POINT('',(-18.8781396452181,-21.433095867989,2.18628303321161));
#3853=CARTESIAN_POINT('Origin',(-11.8781396452183,-21.4330958679891,2.1862830332116));
#3854=CARTESIAN_POINT('',(-4.87813964521821,-21.4330958679891,2.18628303321158));
#3855=CARTESIAN_POINT('',(-11.8781396452183,-21.4330958679891,2.1862830332116));
#3856=CARTESIAN_POINT('',(-4.87813964521821,-21.4330958679891,2.18628303321158));
#3857=CARTESIAN_POINT('Origin',(-4.8781396452182,-28.433095867989,2.18628303321156));
#3858=CARTESIAN_POINT('',(-4.87813964521818,-35.433095867989,2.18628303321155));
#3859=CARTESIAN_POINT('',(-4.8781396452182,-28.433095867989,2.18628303321156));
#3860=CARTESIAN_POINT('',(-4.87813964521818,-35.433095867989,2.18628303321155));
#3861=CARTESIAN_POINT('Origin',(-11.8781396452183,-35.4330958679891,2.18628303321157));
#3862=CARTESIAN_POINT('',(-11.8781396452183,-35.4330958679891,2.18628303321157));
#3863=CARTESIAN_POINT('Origin',(19.1218603547818,-28.433095867989,2.18628303321151));
#3864=CARTESIAN_POINT('',(19.1218603547818,-35.433095867989,2.18628303321149));
#3865=CARTESIAN_POINT('',(19.1218603547818,-35.433095867989,2.18628303321149));
#3866=CARTESIAN_POINT('',(19.1218603547818,-21.4330958679889,2.18628303321151));
#3867=CARTESIAN_POINT('',(19.1218603547818,-28.433095867989,2.18628303321151));
#3868=CARTESIAN_POINT('',(19.1218603547818,-21.4330958679889,2.18628303321151));
#3869=CARTESIAN_POINT('Origin',(26.1218603547818,-21.433095867989,2.18628303321149));
#3870=CARTESIAN_POINT('',(33.1218603547817,-21.433095867989,2.18628303321147));
#3871=CARTESIAN_POINT('',(26.1218603547818,-21.433095867989,2.18628303321149));
#3872=CARTESIAN_POINT('',(33.1218603547817,-21.433095867989,2.18628303321147));
#3873=CARTESIAN_POINT('Origin',(33.1218603547817,-28.4330958679889,2.18628303321148));
#3874=CARTESIAN_POINT('',(33.1218603547817,-35.4330958679889,2.18628303321146));
#3875=CARTESIAN_POINT('',(33.1218603547817,-28.4330958679889,2.18628303321148));
#3876=CARTESIAN_POINT('',(33.1218603547817,-35.4330958679889,2.18628303321146));
#3877=CARTESIAN_POINT('Origin',(26.1218603547818,-35.433095867989,2.18628303321148));
#3878=CARTESIAN_POINT('',(26.1218603547818,-35.433095867989,2.18628303321148));
#3879=CARTESIAN_POINT('Origin',(40.5054126836987,-48.7898400655469,2.19376334817239));
#3880=CARTESIAN_POINT('',(40.5054126836987,-48.826621031154,2.18576334817241));
#3881=CARTESIAN_POINT('',(40.5054126836987,-42.4260092538158,2.18576334817242));
#3882=CARTESIAN_POINT('',(40.5054126836987,-48.7898400655469,2.18576334817241));
#3883=CARTESIAN_POINT('',(40.5054126836987,-48.826621031154,2.18628303321141));
#3884=CARTESIAN_POINT('',(40.5054126836987,-48.826621031154,-0.199309636803531));
#3885=CARTESIAN_POINT('',(40.5054126836987,-42.4260092538158,2.18628303321143));
#3886=CARTESIAN_POINT('',(40.5054126836987,-41.5367933198101,2.18628303321143));
#3887=CARTESIAN_POINT('',(40.5054126836987,-42.4260092538158,0.385089139781178));
#3888=CARTESIAN_POINT('Origin',(-31.3142530998342,11.0234216208872,-3.60003130507126));
#3889=CARTESIAN_POINT('',(-31.3142530998342,17.710159934453,2.1862830332117));
#3890=CARTESIAN_POINT('',(-31.3142530998342,17.710159934453,-3.60003130507124));
#3891=CARTESIAN_POINT('',(-31.3142530998341,-48.8266210311541,2.18628303321156));
#3892=CARTESIAN_POINT('',(-31.3142530998342,4.83274848060285,2.18628303321169));
#3893=CARTESIAN_POINT('',(-31.3142530998342,-48.8266210311541,-3.09620696342533));
#3894=CARTESIAN_POINT('Origin',(-24.2963965784222,17.710159934453,-1.40823665182729));
#3895=CARTESIAN_POINT('',(-31.3147546642652,17.710159934453,2.18628303321171));
#3896=CARTESIAN_POINT('',(-31.3147546642652,17.710159934453,-1.48275088158135));
#3897=CARTESIAN_POINT('',(-24.2963965784221,17.710159934453,2.1862830332117));
#3898=CARTESIAN_POINT('Origin',(-31.3147546642652,-0.643889892659679,-1.55726511133546));
#3899=CARTESIAN_POINT('',(-31.3147546642651,-1.00090727617058,2.18628303321167));
#3900=CARTESIAN_POINT('Origin',(-31.3142401036976,44.0200000000011,-0.0059953503699739));
#3901=CARTESIAN_POINT('',(-33.8142401036976,44.0200000000011,-0.00599535036997695));
#3902=CARTESIAN_POINT('Origin',(-33.8142401036976,46.5200000000011,-0.00599535036997112));
#3903=CARTESIAN_POINT('',(-33.8142401036976,-48.8265375679533,-0.00599535036997778));
#3904=CARTESIAN_POINT('Origin',(-31.3142401036976,-48.8265375679533,-0.00599535036997473));
#3905=CARTESIAN_POINT('',(-31.3142401036976,-51.3265375679533,-0.00599535036997167));
#3906=CARTESIAN_POINT('Origin',(-33.8142401036976,-51.3265375679533,-0.00599535036997473));
#3907=CARTESIAN_POINT('',(67.9357591642829,-51.3265375679534,-0.00599535036997279));
#3908=CARTESIAN_POINT('Origin',(67.9357591642829,-48.8265375679534,-0.00599535036997584));
#3909=CARTESIAN_POINT('Origin',(67.9358252289578,-1.35457839315379,-1.42358506861005));
#3910=CARTESIAN_POINT('',(67.9358252289578,-1.3545783931538,2.18628303321145));
#3911=CARTESIAN_POINT('Origin',(7.13541268369868,-1.35792465968141,2.18628303321158));
#3912=CARTESIAN_POINT('',(34.6354126836987,-42.4260092538158,2.18628303321144));
#3913=CARTESIAN_POINT('',(-6.67734600880739,-48.8266210311541,2.1862830332115));
#3914=CARTESIAN_POINT('Origin',(-21.3731615246925,-42.4260092538159,-1.42358506860991));
#3915=CARTESIAN_POINT('',(9.59700915081715,-42.4260092538158,2.1857633481725));
#3916=CARTESIAN_POINT('Origin',(40.5671798263269,-45.6079246596814,2.18576334817242));
#3917=CARTESIAN_POINT('',(10.0385375625067,-48.826621031154,2.18576334817248));
#3918=CARTESIAN_POINT('Origin',(-20.4898460088074,-48.8266210311541,-2.59238262177931));
#3919=UNCERTAINTY_MEASURE_WITH_UNIT(LENGTH_MEASURE(0.01),#3923,
'DISTANCE_ACCURACY_VALUE',
'Maximum model space distance between geometric entities at asserted c
onnectivities');
#3920=UNCERTAINTY_MEASURE_WITH_UNIT(LENGTH_MEASURE(0.01),#3923,
'DISTANCE_ACCURACY_VALUE',
'Maximum model space distance between geometric entities at asserted c
onnectivities');
#3921=(
GEOMETRIC_REPRESENTATION_CONTEXT(3)
GLOBAL_UNCERTAINTY_ASSIGNED_CONTEXT((#3919))
GLOBAL_UNIT_ASSIGNED_CONTEXT((#3923,#3925,#3926))
REPRESENTATION_CONTEXT('','3D')
);
#3922=(
GEOMETRIC_REPRESENTATION_CONTEXT(3)
GLOBAL_UNCERTAINTY_ASSIGNED_CONTEXT((#3920))
GLOBAL_UNIT_ASSIGNED_CONTEXT((#3923,#3925,#3926))
REPRESENTATION_CONTEXT('','3D')
);
#3923=(
LENGTH_UNIT()
NAMED_UNIT(*)
SI_UNIT(.MILLI.,.METRE.)
);
#3924=(
LENGTH_UNIT()
NAMED_UNIT(*)
SI_UNIT($,.METRE.)
);
#3925=(
NAMED_UNIT(*)
PLANE_ANGLE_UNIT()
SI_UNIT($,.RADIAN.)
);
#3926=(
NAMED_UNIT(*)
SI_UNIT($,.STERADIAN.)
SOLID_ANGLE_UNIT()
);
#3927=SHAPE_DEFINITION_REPRESENTATION(#3928,#3929);
#3928=PRODUCT_DEFINITION_SHAPE('',$,#3931);
#3929=SHAPE_REPRESENTATION('',(#2399),#3921);
#3930=PRODUCT_DEFINITION_CONTEXT('part definition',#3935,'design');
#3931=PRODUCT_DEFINITION('2026-07-19-22-29-17-272','koshipad TOPCASE',#3932,
#3930);
#3932=PRODUCT_DEFINITION_FORMATION('',$,#3937);
#3933=PRODUCT_RELATED_PRODUCT_CATEGORY('koshipad TOPCASE',
'koshipad TOPCASE',(#3937));
#3934=APPLICATION_PROTOCOL_DEFINITION('international standard',
'automotive_design',2009,#3935);
#3935=APPLICATION_CONTEXT(
'Core Data for Automotive Mechanical Design Process');
#3936=PRODUCT_CONTEXT('part definition',#3935,'mechanical');
#3937=PRODUCT('2026-07-19-22-29-17-272','koshipad TOPCASE',$,(#3936));
#3938=PRESENTATION_STYLE_ASSIGNMENT((#3940));
#3939=PRESENTATION_STYLE_ASSIGNMENT((#3941));
#3940=SURFACE_STYLE_USAGE(.BOTH.,#3942);
#3941=SURFACE_STYLE_USAGE(.BOTH.,#3943);
#3942=SURFACE_SIDE_STYLE('',(#3944));
#3943=SURFACE_SIDE_STYLE('',(#3945));
#3944=SURFACE_STYLE_FILL_AREA(#3946);
#3945=SURFACE_STYLE_FILL_AREA(#3947);
#3946=FILL_AREA_STYLE('Steel - Satin',(#3948));
#3947=FILL_AREA_STYLE('Opaque(230,230,230)',(#3949));
#3948=FILL_AREA_STYLE_COLOUR('Steel - Satin',#3950);
#3949=FILL_AREA_STYLE_COLOUR('Opaque(230,230,230)',#3951);
#3950=COLOUR_RGB('Steel - Satin',0.627450980392157,0.627450980392157,0.627450980392157);
#3951=COLOUR_RGB('Opaque(230,230,230)',0.901960784313726,0.901960784313726,
0.901960784313726);
ENDSEC;
END-ISO-10303-21;
